"조사년도","조사회차","대권역","중권역","조사지점","건강성평가등급"
"2024","1","한강","남한강상류","임계천","A"
"2024","1","한강","남한강상류","송천1","C"
"2024","1","한강","남한강상류","대기천","A"
"2024","1","한강","남한강상류","어천1-1","A"
"2024","1","한강","남한강상류","지장천3","A"
"2024","1","한강","남한강상류","영월1","A"
"2024","1","한강","평창강","하안미천","B"
"2024","1","한강","평창강","판운천","A"
"2024","1","한강","평창강","주천강-1(횡성)","B"
"2024","1","한강","평창강","주천강-2","B"
"2024","1","한강","평창강","오미천(원주)","A"
"2024","1","한강","평창강","엄둔천","A"
"2024","1","한강","평창강","평창강3-2","A"
"2024","1","한강","평창강","쌍용천2","A"
"2024","1","한강","평창강","연당천","A"
"2024","1","한강","평창강","평창강5","B"
"2024","1","한강","충주댐","영월2","B"
"2024","1","한강","충주댐","덕구천","A"
"2024","1","한강","충주댐","마포천1","A"
"2024","1","한강","충주댐","영춘","A"
"2024","1","한강","충주댐","사이곡천","A"
"2024","1","한강","충주댐","어곡천1","A"
"2024","1","한강","충주댐","하일천","A"
"2024","1","한강","충주댐","덕천1","B"
"2024","1","한강","충주댐","노동천(단양)","A"
"2024","1","한강","충주댐","남조천","A"
"2024","1","한강","충주댐","수산천(제천)","B"
"2024","1","한강","충주댐","주포천","A"
"2024","1","한강","충주댐","고암천","C"
"2024","1","한강","충주댐","미당천(제천)","A"
"2024","1","한강","충주댐","제천천3-1","A"
"2024","1","한강","충주댐","화당천","A"
"2024","1","한강","충주댐","광천1(제천)","A"
"2024","1","한강","충주댐","광천2(제천)","A"
"2024","1","한강","충주댐","충주댐","B"
"2024","1","한강","충주댐","목행대교","C"
"2024","1","한강","달천","미원천1(청주)","B"
"2024","1","한강","달천","감천1(청주)","B"
"2024","1","한강","달천","감천2","C"
"2024","1","한강","달천","구룡천1(괴산)","B"
"2024","1","한강","달천","압항천","B"
"2024","1","한강","달천","흑석천","B"
"2024","1","한강","달천","원풍천","A"
"2024","1","한강","달천","동진천-1","B"
"2024","1","한강","달천","신항천","B"
"2024","1","한강","달천","소여천","C"
"2024","1","한강","달천","음성천-2","C"
"2024","1","한강","달천","달천6-1","B"
"2024","1","한강","달천","달천6-2","A"
"2024","1","한강","달천","요도천-1","B"
"2024","1","한강","달천","교현천","C"
"2024","1","한강","충주댐하류","영덕천1","C"
"2024","1","한강","충주댐하류","오량천","B"
"2024","1","한강","충주댐하류","원주","B"
"2024","1","한강","섬강","전천-1(횡성)","B"
"2024","1","한강","섬강","생운천","B"
"2024","1","한강","섬강","화천(원주)","A"
"2024","1","한강","섬강","계정천(양평)","A"
"2024","1","한강","섬강","단석천","A"
"2024","1","한강","섬강","대안천","B"
"2024","1","한강","섬강","섬강6","A"
"2024","1","한강","남한강하류","미평천","C"
"2024","1","한강","남한강하류","대덕천(용인)","B"
"2024","1","한강","남한강하류","용천천","C"
"2024","1","한강","남한강하류","율곡천(용인)","C"
"2024","1","한강","남한강하류","죽산천1(안성)","D"
"2024","1","한강","남한강하류","용설천","C"
"2024","1","한강","남한강하류","화곡천(안성)","E"
"2024","1","한강","남한강하류","신흥천(안성)","D"
"2024","1","한강","남한강하류","한천(음성)","D"
"2024","1","한강","남한강하류","석원천","D"
"2024","1","한강","남한강하류","청미천3-1","C"
"2024","1","한강","남한강하류","응천-2","D"
"2024","1","한강","남한강하류","청미천3-2","E"
"2024","1","한강","남한강하류","청미천5","C"
"2024","1","한강","남한강하류","삼승천","D"
"2024","1","한강","남한강하류","강천-1","C"
"2024","1","한강","남한강하류","강천-2","B"
"2024","1","한강","남한강하류","강천","C"
"2024","1","한강","남한강하류","연양천","B"
"2024","1","한강","남한강하류","강천1","B"
"2024","1","한강","남한강하류","간매천","B"
"2024","1","한강","남한강하류","완장천","A"
"2024","1","한강","남한강하류","금당천2","A"
"2024","1","한강","남한강하류","오금천(여주)","C"
"2024","1","한강","남한강하류","여주1","C"
"2024","1","한강","남한강하류","대신","D"
"2024","1","한강","남한강하류","여주1-2","D"
"2024","1","한강","남한강하류","곡수천1-1","C"
"2024","1","한강","남한강하류","장풍천","C"
"2024","1","한강","남한강하류","여주2","C"
"2024","1","한강","남한강하류","양화천-1","C"
"2024","1","한강","남한강하류","해룡천(여주)","E"
"2024","1","한강","남한강하류","대신천","D"
"2024","1","한강","남한강하류","양화천3","C"
"2024","1","한강","남한강하류","복하천1-1","B"
"2024","1","한강","남한강하류","복하천1-2","C"
"2024","1","한강","남한강하류","단천천","E"
"2024","1","한강","남한강하류","복하천1-3","D"
"2024","1","한강","남한강하류","원두천","C"
"2024","1","한강","남한강하류","장록천","D"
"2024","1","한강","남한강하류","복하천2-1","D"
"2024","1","한강","남한강하류","신대천(이천)","D"
"2024","1","한강","남한강하류","죽당천","E"
"2024","1","한강","남한강하류","복하천5","C"
"2024","1","한강","남한강하류","계장천","B"
"2024","1","한강","남한강하류","이포","D"
"2024","1","한강","남한강하류","이포(양평)","D"
"2024","1","한강","남한강하류","금사천","A"
"2024","1","한강","남한강하류","주어천","A"
"2024","1","한강","남한강하류","여물천","A"
"2024","1","한강","남한강하류","벗고개천","A"
"2024","1","한강","남한강하류","고송천","A"
"2024","1","한강","남한강하류","월산천(양평)","B"
"2024","1","한강","남한강하류","중원천","A"
"2024","1","한강","남한강하류","연수천","A"
"2024","1","한강","남한강하류","강상","C"
"2024","1","한강","남한강하류","덕평천","A"
"2024","1","한강","남한강하류","성덕천","A"
"2024","1","한강","남한강하류","복포천","B"
"2024","1","한강","평화의댐","화천","B"
"2024","1","한강","춘천댐","수입천1","A"
"2024","1","한강","춘천댐","서천","A"
"2024","1","한강","춘천댐","공리천","B"
"2024","1","한강","춘천댐","군량천","A"
"2024","1","한강","춘천댐","간척천","A"
"2024","1","한강","춘천댐","다목천","A"
"2024","1","한강","춘천댐","구운천","A"
"2024","1","한강","춘천댐","신읍천","A"
"2024","1","한강","춘천댐","용암천(화천)","A"
"2024","1","한강","춘천댐","지촌천2","A"
"2024","1","한강","춘천댐","월송천","D"
"2024","1","한강","춘천댐","춘천3","C"
"2024","1","한강","인북천","인북천-1","A"
"2024","1","한강","인북천","인북천-2","A"
"2024","1","한강","인북천","양지말천","A"
"2024","1","한강","인북천","인북천1","E"
"2024","1","한강","소양강","자운천","A"
"2024","1","한강","소양강","우각천1","A"
"2024","1","한강","소양강","두무천","A"
"2024","1","한강","소양강","소양강2","B"
"2024","1","한강","소양강","만천천","B"
"2024","1","한강","의암댐","퇴계천","C"
"2024","1","한강","의암댐","공지천1-1","E"
"2024","1","한강","의암댐","의암댐","C"
"2024","1","한강","의암댐","강촌천(춘천)","A"
"2024","1","한강","의암댐","경덕천","A"
"2024","1","한강","의암댐","화악천2","A"
"2024","1","한강","의암댐","가평천2-1","B"
"2024","1","한강","의암댐","승안천","A"
"2024","1","한강","의암댐","남이섬","E"
"2024","1","한강","홍천강","삼거천(홍천)","A"
"2024","1","한강","홍천강","내촌천1","A"
"2024","1","한강","홍천강","수하천","A"
"2024","1","한강","홍천강","성수리천","A"
"2024","1","한강","홍천강","장전평천","A"
"2024","1","한강","홍천강","성동천1","A"
"2024","1","한강","홍천강","부사원천","A"
"2024","1","한강","홍천강","굴지천2","A"
"2024","1","한강","홍천강","팔봉천","A"
"2024","1","한강","홍천강","두미천(홍천)","A"
"2024","1","한강","홍천강","산음천","A"
"2024","1","한강","홍천강","홍천강2-1","A"
"2024","1","한강","홍천강","길곡천(홍천)","A"
"2024","1","한강","홍천강","추곡천","A"
"2024","1","한강","홍천강","홍천강4","B"
"2024","1","한강","청평댐","설곡천","A"
"2024","1","한강","청평댐","제청천","A"
"2024","1","한강","청평댐","세곡천(가평)","A"
"2024","1","한강","청평댐","행현천","A"
"2024","1","한강","청평댐","상천천","A"
"2024","1","한강","청평댐","구운천2","A"
"2024","1","한강","청평댐","중미천","A"
"2024","1","한강","청평댐","벽계천2","A"
"2024","1","한강","청평댐","맹동천","B"
"2024","1","한강","청평댐","서후천","A"
"2024","1","한강","청평댐","삼봉리1","D"
"2024","1","한강","청평댐","시우천","A"
"2024","1","한강","경안천","금학천(용인)","D"
"2024","1","한강","경안천","대대천","E"
"2024","1","한강","경안천","영문천",""
"2024","1","한강","경안천","신원천(용인)","B"
"2024","1","한강","경안천","오산천3(모현)","C"
"2024","1","한강","경안천","중대천(광주)","A"
"2024","1","한강","경안천","신촌천(광주)","A"
"2024","1","한강","경안천","유정천(광주)","B"
"2024","1","한강","경안천","진우천","B"
"2024","1","한강","경안천","산이천(광주)","B"
"2024","1","한강","경안천","경안천9","D"
"2024","1","한강","경안천","무갑천-1","A"
"2024","1","한강","경안천","번천2","C"
"2024","1","한강","팔당댐","팔당댐1","D"
"2024","1","한강","한강서울","동막천2","A"
"2024","1","한강","한강서울","금토천","B"
"2024","1","한강","한강서울","탄천5","D"
"2024","1","한강","한강서울","세곡천(성남)","C"
"2024","1","한강","한강서울","탄천6","E"
"2024","1","한강","한강서울","어둔천","C"
"2024","1","한강","한강서울","중랑천2","D"
"2024","1","한강","한강서울","백석천","C"
"2024","1","한강","한강서울","청계천3","E"
"2024","1","한강","한강서울","중랑천7","E"
"2024","1","한강","한강서울","보광","D"
"2024","1","한강","한강서울","노량진","D"
"2024","1","한강","한강서울","영등포","E"
"2024","1","한강","한강서울","불광천","E"
"2024","1","한강","한강서울","학의천1","E"
"2024","1","한강","한강서울","삼성천(안양)","B"
"2024","1","한강","한강서울","목감천-1","E"
"2024","1","한강","한강서울","도림천1","E"
"2024","1","한강","한강서울","안양천10","E"
"2024","1","한강","한강고양","가양","E"
"2024","1","한강","한강고양","창릉천-1","A"
"2024","1","한강","한강고양","순창천","E"
"2024","1","한강","한강고양","행신천","E"
"2024","1","한강","한강고양","도촌천","E"
"2024","1","한강","한강고양","행주","C"
"2024","1","한강","한강고양","나진포천1","E"
"2024","1","한강","한강고양","파주",""
"2024","1","한강","한강고양","석모천","D"
"2024","1","한강","한강고양","가마지천","E"
"2024","1","한강","한강고양","서암천","D"
"2024","1","한강","한강고양","국사천","E"
"2024","1","한강","한강고양","오금천(고양)","A"
"2024","1","한강","한강고양","대자천","B"
"2024","1","한강","한강고양","고산천(파주)","D"
"2024","1","한강","한강고양","소리천","E"
"2024","1","한강","한강고양","금촌천","E"
"2024","1","한강","한강고양","소위지천","B"
"2024","1","한강","한강고양","공릉천6","C"
"2024","1","한강","임진강상류","마거천","A"
"2024","1","한강","임진강상류","옥계천(연천)","A"
"2024","1","한강","임진강상류","임진강2","B"
"2024","1","한강","임진강상류","죽대천","A"
"2024","1","한강","한탄강","사곡천","A"
"2024","1","한강","한탄강","부소천","A"
"2024","1","한강","한탄강","한탄강1-1","A"
"2024","1","한강","한탄강","야미천","A"
"2024","1","한강","한탄강","우금천","B"
"2024","1","한강","한탄강","명덕천2","A"
"2024","1","한강","한탄강","추동천(포천)","A"
"2024","1","한강","한탄강","입암천","D"
"2024","1","한강","한탄강","청담천","D"
"2024","1","한강","한탄강","상패천","E"
"2024","1","한강","한탄강","신천3","E"
"2024","1","한강","한탄강","수동천1","A"
"2024","1","한강","한탄강","한탄강4-1","B"
"2024","1","한강","임진강하류","임진강6","B"
"2024","1","한강","한강하류","월곶",""
"2024","1","한강","한강잠실","홍릉천","E"
"2024","1","한강","한강잠실","왕숙천-1","B"
"2024","1","한강","한강잠실","왕숙천1-1","C"
"2024","1","한강","한강잠실","왕숙천2","C"
"2024","1","한강","한강잠실","사릉천","B"
"2024","1","한강","한강잠실","용암천","B"
"2024","1","한강","한강잠실","잠실","E"
"2024","1","한강","안성천","기솔천","B"
"2024","1","한강","안성천","현곡천","A"
"2024","1","한강","안성천","한운천","B"
"2024","1","한강","안성천","월동천","D"
"2024","1","한강","안성천","안성천1","D"
"2024","1","한강","안성천","안성천1-1","D"
"2024","1","한강","안성천","곡천","C"
"2024","1","한강","안성천","도곡천(안성)","C"
"2024","1","한강","안성천","양촌천(안성)","C"
"2024","1","한강","안성천","청룡천(안성)","D"
"2024","1","한강","안성천","유천(안성)","D"
"2024","1","한강","안성천","안성천2-1","E"
"2024","1","한강","안성천","안성천3","E"
"2024","1","한강","안성천","통복천","E"
"2024","1","한강","안성천","용덕사천","C"
"2024","1","한강","안성천","완장천(용인)","C"
"2024","1","한강","안성천","신리천(화성)","B"
"2024","1","한강","안성천","수원천(수원)","D"
"2024","1","한강","안성천","두릉천","D"
"2024","1","한강","안성천","관리천1","D"
"2024","1","한강","안성천","교포천","D"
"2024","1","한강","안성천","안성천4","D"
"2024","1","한강","안성천","군계천","D"
"2024","1","한강","안성천","신언천","C"
"2024","1","한강","안성천","아산천(아산)","D"
"2024","1","한강","한강서해","포내천","D"
"2024","1","한강","한강서해","승기천","D"
"2024","1","한강","한강서해","장수천(논현)","E"
"2024","1","한강","한강서해","선행천-1","E"
"2024","1","한강","한강서해","숭릉천","C"
"2024","1","한강","한강서해","삼거천(강화)","E"
"2024","1","한강","시화호","안산천2","E"
"2024","1","한강","시화호","동화천(화성)","E"
"2024","1","한강","시화호","자안천","E"
"2024","1","한강","시화호","발안천","D"
"2024","1","한강","양양남대천","산북천","A"
"2024","1","한강","양양남대천","용천","A"
"2024","1","한강","양양남대천","거마천","A"
"2024","1","한강","양양남대천","양양","C"
"2024","1","한강","강릉남대천","연곡천2","B"
"2024","1","한강","강릉남대천","포남","B"
"2024","1","한강","강릉남대천","섬석천","A"
"2024","1","한강","삼척오십천","천기천","A"
"2024","1","한강","삼척오십천","사직","B"
"2024","1","한강","삼척오십천","교곡천","A"
"2024","1","낙동강","안동댐","소도천","A"
"2024","1","낙동강","안동댐","송정리천","A"
"2024","1","낙동강","안동댐","석포5","A"
"2024","1","낙동강","안동댐","현동천1","A"
"2024","1","낙동강","안동댐","봉화1","A"
"2024","1","낙동강","안동댐","운곡천2","A"
"2024","1","낙동강","안동댐","관창리천","A"
"2024","1","낙동강","안동댐","역계천","B"
"2024","1","낙동강","안동댐","안동1","D"
"2024","1","낙동강","임하댐","반변천-1","A"
"2024","1","낙동강","임하댐","장군천","A"
"2024","1","낙동강","임하댐","동천1(영양)","A"
"2024","1","낙동강","임하댐","신사천","B"
"2024","1","낙동강","임하댐","화매천2","A"
"2024","1","낙동강","임하댐","노부천","A"
"2024","1","낙동강","임하댐","주산천1","A"
"2024","1","낙동강","임하댐","구평천","A"
"2024","1","낙동강","임하댐","신기천(청송)","A"
"2024","1","낙동강","임하댐","대곡천(안동)","B"
"2024","1","낙동강","임하댐","길안천-2","A"
"2024","1","낙동강","임하댐","병보천1","A"
"2024","1","낙동강","임하댐","길안천-3","B"
"2024","1","낙동강","임하댐","백자천","B"
"2024","1","낙동강","임하댐","신기천(안동)","A"
"2024","1","낙동강","임하댐","반변천4","C"
"2024","1","낙동강","안동댐하류","안동2","C"
"2024","1","낙동강","안동댐하류","달곡천","A"
"2024","1","낙동강","안동댐하류","옥곡천","A"
"2024","1","낙동강","안동댐하류","미천-3","B"
"2024","1","낙동강","안동댐하류","송양천","E"
"2024","1","낙동강","안동댐하류","하고천(안동)","D"
"2024","1","낙동강","안동댐하류","안동3","A"
"2024","1","낙동강","안동댐하류","신역천","D"
"2024","1","낙동강","안동댐하류","광산천1-1","B"
"2024","1","낙동강","안동댐하류","예천2","C"
"2024","1","낙동강","내성천","내성천-1","B"
"2024","1","낙동강","내성천","창평천","A"
"2024","1","낙동강","내성천","낙화암천2","A"
"2024","1","낙동강","내성천","토일천-2","A"
"2024","1","낙동강","내성천","남원천","A"
"2024","1","낙동강","내성천","죽계천1","A"
"2024","1","낙동강","내성천","석탑천(안동)","B"
"2024","1","낙동강","내성천","우곡천(영주)","B"
"2024","1","낙동강","내성천","석관천1","B"
"2024","1","낙동강","내성천","중평천(예천)","C"
"2024","1","낙동강","내성천","송평천","E"
"2024","1","낙동강","내성천","내성천5","B"
"2024","1","낙동강","내성천","복계천1","D"
"2024","1","낙동강","영강","영강-2","D"
"2024","1","낙동강","영강","신북천1","A"
"2024","1","낙동강","영강","신북천2","B"
"2024","1","낙동강","영강","영강1-1","A"
"2024","1","낙동강","영강","이안천-2","A"
"2024","1","낙동강","영강","지산천(상주)","B"
"2024","1","낙동강","영강","영강2-1","A"
"2024","1","낙동강","병성천","병성천-1","B"
"2024","1","낙동강","병성천","개운천(상주)","B"
"2024","1","낙동강","병성천","병성천","C"
"2024","1","낙동강","낙동상주","영순","C"
"2024","1","낙동강","낙동상주","상주-1","B"
"2024","1","낙동강","낙동상주","상주1","C"
"2024","1","낙동강","낙동상주","상주1-1","D"
"2024","1","낙동강","낙동상주","상주1-2","C"
"2024","1","낙동강","낙동상주","상주2","D"
"2024","1","낙동강","낙동상주","말지천","B"
"2024","1","낙동강","위천","위천1-1","A"
"2024","1","낙동강","위천","구천(군위)","B"
"2024","1","낙동강","위천","군위남천-1","A"
"2024","1","낙동강","위천","신안천(군위)","C"
"2024","1","낙동강","위천","곡정천1","A"
"2024","1","낙동강","위천","금오천","A"
"2024","1","낙동강","위천","사미천(의성)","C"
"2024","1","낙동강","위천","쌍계천-3","B"
"2024","1","낙동강","위천","안평천1","A"
"2024","1","낙동강","위천","안평천2","B"
"2024","1","낙동강","위천","위양천","C"
"2024","1","낙동강","위천","위천5","D"
"2024","1","낙동강","구미보(낙동구미)","상주2-1","C"
"2024","1","낙동강","구미보(낙동구미)","상주3","D"
"2024","1","낙동강","구미보(낙동구미)","산곡-1","C"
"2024","1","낙동강","구미보(낙동구미)","신곡천","C"
"2024","1","낙동강","구미보(낙동구미)","산곡","C"
"2024","1","낙동강","감천","부항천1","A"
"2024","1","낙동강","감천","하원천","A"
"2024","1","낙동강","감천","강곡천","A"
"2024","1","낙동강","감천","백운천(김천)","C"
"2024","1","낙동강","감천","율곡천(김천)","B"
"2024","1","낙동강","감천","감문천","B"
"2024","1","낙동강","감천","외현천","D"
"2024","1","낙동강","감천","대천(구미)","A"
"2024","1","낙동강","감천","감천4","A"
"2024","1","낙동강","강정고령보(낙동왜관)","강정","C"
"2024","1","낙동강","강정고령보(낙동왜관)","습문천","B"
"2024","1","낙동강","강정고령보(낙동왜관)","성수천(구미)","B"
"2024","1","낙동강","강정고령보(낙동왜관)","금산천(구미)","A"
"2024","1","낙동강","강정고령보(낙동왜관)","이계천","E"
"2024","1","낙동강","강정고령보(낙동왜관)","광평천(구미)","D"
"2024","1","낙동강","강정고령보(낙동왜관)","강정1","D"
"2024","1","낙동강","강정고령보(낙동왜관)","경호천2","E"
"2024","1","낙동강","강정고령보(낙동왜관)","칠곡","D"
"2024","1","낙동강","강정고령보(낙동왜관)","칠곡1","D"
"2024","1","낙동강","강정고령보(낙동왜관)","동정천(칠곡)","C"
"2024","1","낙동강","강정고령보(낙동왜관)","왜관","D"
"2024","1","낙동강","강정고령보(낙동왜관)","봉암천","B"
"2024","1","낙동강","강정고령보(낙동왜관)","신천(성주)","B"
"2024","1","낙동강","강정고령보(낙동왜관)","달성","C"
"2024","1","낙동강","금호강","임고천","A"
"2024","1","낙동강","금호강","고촌천2","A"
"2024","1","낙동강","금호강","신령천-2","A"
"2024","1","낙동강","금호강","신령천-3","A"
"2024","1","낙동강","금호강","횡계천","A"
"2024","1","낙동강","금호강","고현천3","B"
"2024","1","낙동강","금호강","용호천(북안)","C"
"2024","1","낙동강","금호강","북안천2","B"
"2024","1","낙동강","금호강","박사천","A"
"2024","1","낙동강","금호강","오목천(경산)","B"
"2024","1","낙동강","금호강","송백천","A"
"2024","1","낙동강","금호강","욱수천-1","A"
"2024","1","낙동강","금호강","금호강4-1","A"
"2024","1","낙동강","금호강","불로천","A"
"2024","1","낙동강","금호강","용수천(미곡)","A"
"2024","1","낙동강","금호강","지묘천","A"
"2024","1","낙동강","금호강","신천1","A"
"2024","1","낙동강","금호강","신천2(봉덕)","B"
"2024","1","낙동강","금호강","신천3(대현)","B"
"2024","1","낙동강","금호강","팔거천2","B"
"2024","1","낙동강","금호강","이언천2","D"
"2024","1","낙동강","금호강","금호강9","C"
"2024","1","낙동강","회천","화죽천","A"
"2024","1","낙동강","회천","계정천(성주)","B"
"2024","1","낙동강","회천","오리천","A"
"2024","1","낙동강","회천","내곡천","B"
"2024","1","낙동강","회천","이천천","A"
"2024","1","낙동강","회천","가야천1","A"
"2024","1","낙동강","회천","회천3","B"
"2024","1","낙동강","창녕합천보(낙동고령)","진천천","E"
"2024","1","낙동강","창녕합천보(낙동고령)","달성1","E"
"2024","1","낙동강","창녕합천보(낙동고령)","기세곡천","B"
"2024","1","낙동강","창녕합천보(낙동고령)","고령-1","D"
"2024","1","낙동강","창녕합천보(낙동고령)","금포천","D"
"2024","1","낙동강","창녕합천보(낙동고령)","고령","D"
"2024","1","낙동강","창녕합천보(낙동고령)","현풍","E"
"2024","1","낙동강","창녕합천보(낙동고령)","대산천(창녕)","A"
"2024","1","낙동강","창녕합천보(낙동고령)","차천-1","B"
"2024","1","낙동강","창녕합천보(낙동고령)","도동리","D"
"2024","1","낙동강","창녕합천보(낙동고령)","대암리","C"
"2024","1","낙동강","창녕합천보(낙동고령)","덕곡천(합천)","B"
"2024","1","낙동강","창녕합천보(낙동고령)","창녕","E"
"2024","1","낙동강","합천댐","계수천","A"
"2024","1","낙동강","합천댐","동변천","B"
"2024","1","낙동강","합천댐","분계천","A"
"2024","1","낙동강","합천댐","거창위천-2","A"
"2024","1","낙동강","합천댐","하고천(거창)","A"
"2024","1","낙동강","합천댐","대곡천(거창)","A"
"2024","1","낙동강","합천댐","무촌천","A"
"2024","1","낙동강","합천댐","황강2","C"
"2024","1","낙동강","합천댐","가천-1","A"
"2024","1","낙동강","합천댐","우가천","A"
"2024","1","낙동강","합천댐","마상천","D"
"2024","1","낙동강","합천댐","지산천1","A"
"2024","1","낙동강","합천댐","가천1","A"
"2024","1","낙동강","합천댐","지곡천(합천)","A"
"2024","1","낙동강","합천댐","청수천","A"
"2024","1","낙동강","합천댐","사천천-1(거창)","B"
"2024","1","낙동강","합천댐","유전천","A"
"2024","1","낙동강","황강","금성천(합천)","C"
"2024","1","낙동강","황강","황계천1","A"
"2024","1","낙동강","황강","합천천1","A"
"2024","1","낙동강","황강","합천천2","B"
"2024","1","낙동강","황강","율곡천(합천)","E"
"2024","1","낙동강","황강","사양천","C"
"2024","1","낙동강","황강","산내천(합천)","B"
"2024","1","낙동강","황강","황강6","B"
"2024","1","낙동강","낙동창녕","합천","C"
"2024","1","낙동강","낙동창녕","합천1",""
"2024","1","낙동강","낙동창녕","중대천(창녕)","D"
"2024","1","낙동강","낙동창녕","퇴산천","E"
"2024","1","낙동강","낙동창녕","초곡천(창녕)","C"
"2024","1","낙동강","낙동창녕","지혜천","D"
"2024","1","낙동강","낙동창녕","다현천","C"
"2024","1","낙동강","낙동창녕","유곡천2","A"
"2024","1","낙동강","낙동창녕","신반천-3","B"
"2024","1","낙동강","낙동창녕","전화천","D"
"2024","1","낙동강","낙동창녕","용산",""
"2024","1","낙동강","낙동창녕","칠곡천","D"
"2024","1","낙동강","남강댐","남강-1","A"
"2024","1","낙동강","남강댐","남강-3","D"
"2024","1","낙동강","남강댐","백운천(함양)","A"
"2024","1","낙동강","남강댐","죽곡천(함양)","A"
"2024","1","낙동강","남강댐","함양위천2","B"
"2024","1","낙동강","남강댐","도북천","A"
"2024","1","낙동강","남강댐","남강-4","A"
"2024","1","낙동강","남강댐","람천-2","A"
"2024","1","낙동강","남강댐","만수천(남원)","A"
"2024","1","낙동강","남강댐","덕전천","A"
"2024","1","낙동강","남강댐","오봉천","A"
"2024","1","낙동강","남강댐","서주천","A"
"2024","1","낙동강","남강댐","초곡천2","A"
"2024","1","낙동강","남강댐","생초천","A"
"2024","1","낙동강","남강댐","특리천","A"
"2024","1","낙동강","남강댐","금서천","A"
"2024","1","낙동강","남강댐","남강-6","C"
"2024","1","낙동강","남강댐","갈전천","B"
"2024","1","낙동강","남강댐","양천-1","B"
"2024","1","낙동강","남강댐","신전천","C"
"2024","1","낙동강","남강댐","하판천","D"
"2024","1","낙동강","남강댐","양천1","D"
"2024","1","낙동강","남강댐","천곡천","B"
"2024","1","낙동강","남강댐","양천1-1","A"
"2024","1","낙동강","남강댐","양천1-2","A"
"2024","1","낙동강","남강댐","가회천","A"
"2024","1","낙동강","남강댐","상법천","C"
"2024","1","낙동강","남강댐","율현천","A"
"2024","1","낙동강","남강댐","신등천2","C"
"2024","1","낙동강","남강댐","경호강2","D"
"2024","1","낙동강","남강댐","남사천1","B"
"2024","1","낙동강","남강댐","오미천(진주)","B"
"2024","1","낙동강","남강댐","덕천강-3","A"
"2024","1","낙동강","남강댐","덕천강1","A"
"2024","1","낙동강","남강댐","시천천2","A"
"2024","1","낙동강","남강댐","백운천","A"
"2024","1","낙동강","남강댐","호계천(하동)","A"
"2024","1","낙동강","남강댐","북방천","B"
"2024","1","낙동강","남강댐","덕천강5","C"
"2024","1","낙동강","남강","판문천","C"
"2024","1","낙동강","남강","나불천1","B"
"2024","1","낙동강","남강","나불천2","B"
"2024","1","낙동강","남강","나불천3","D"
"2024","1","낙동강","남강","영오천1","A"
"2024","1","낙동강","남강","영오천2","B"
"2024","1","낙동강","남강","영천강1-1","B"
"2024","1","낙동강","남강","용아천","C"
"2024","1","낙동강","남강","남강3","B"
"2024","1","낙동강","남강","정수천","A"
"2024","1","낙동강","남강","지내천2(진주)","C"
"2024","1","낙동강","남강","향양천","C"
"2024","1","낙동강","남강","대곡천(진주)","A"
"2024","1","낙동강","남강","장안천(진주)","B"
"2024","1","낙동강","남강","대천(진주)","B"
"2024","1","낙동강","남강","반성천2","B"
"2024","1","낙동강","남강","상정천","B"
"2024","1","낙동강","남강","의령천-1","B"
"2024","1","낙동강","남강","의령천-2","B"
"2024","1","낙동강","남강","의령천","B"
"2024","1","낙동강","남강","남산천(의령)","B"
"2024","1","낙동강","남강","모로천","B"
"2024","1","낙동강","남강","검암천(함안)","B"
"2024","1","낙동강","남강","신음천","C"
"2024","1","낙동강","남강","함안천2","C"
"2024","1","낙동강","남강","대사천","C"
"2024","1","낙동강","남강","남강7","D"
"2024","1","낙동강","낙동밀양","남지","D"
"2024","1","낙동강","낙동밀양","관곡천","D"
"2024","1","낙동강","낙동밀양","덕곡천(창녕)","B"
"2024","1","낙동강","낙동밀양","광려천2","B"
"2024","1","낙동강","낙동밀양","칠원천","A"
"2024","1","낙동강","낙동밀양","검단천(함안)","D"
"2024","1","낙동강","낙동밀양","이령천","B"
"2024","1","낙동강","낙동밀양","임해진-1","C"
"2024","1","낙동강","낙동밀양","온정천","B"
"2024","1","낙동강","낙동밀양","조천천","B"
"2024","1","낙동강","낙동밀양","요고천","A"
"2024","1","낙동강","낙동밀양","삼태천","B"
"2024","1","낙동강","낙동밀양","수다천","C"
"2024","1","낙동강","낙동밀양","하남","B"
"2024","1","낙동강","낙동밀양","수산천(밀양)","E"
"2024","1","낙동강","낙동밀양","중앙천","B"
"2024","1","낙동강","낙동밀양","고모천","C"
"2024","1","낙동강","낙동밀양","화포천-1","C"
"2024","1","낙동강","낙동밀양","화포천","C"
"2024","1","낙동강","낙동밀양","삼랑진2","D"
"2024","1","낙동강","밀양강","동창천-1","A"
"2024","1","낙동강","밀양강","동창천-2","A"
"2024","1","낙동강","밀양강","직현천","A"
"2024","1","낙동강","밀양강","신원천(청도)","A"
"2024","1","낙동강","밀양강","부일천1","B"
"2024","1","낙동강","밀양강","고정천-1","B"
"2024","1","낙동강","밀양강","청도천-1(청도)","A"
"2024","1","낙동강","밀양강","부곡천","B"
"2024","1","낙동강","밀양강","금혁천","D"
"2024","1","낙동강","밀양강","다로천","B"
"2024","1","낙동강","밀양강","용포천","A"
"2024","1","낙동강","밀양강","원서천(밀양)","A"
"2024","1","낙동강","밀양강","단장천6","A"
"2024","1","낙동강","밀양강","제대천","B"
"2024","1","낙동강","밀양강","밀양강4","B"
"2024","1","낙동강","낙동강하구언","미전천","C"
"2024","1","낙동강","낙동강하구언","여차천","C"
"2024","1","낙동강","낙동강하구언","화제천","C"
"2024","1","낙동강","낙동강하구언","물금","C"
"2024","1","낙동강","낙동강하구언","상리천","A"
"2024","1","낙동강","낙동강하구언","내석천","B"
"2024","1","낙동강","낙동강하구언","금산천(양산)","C"
"2024","1","낙동강","낙동강하구언","대천천(화명)","D"
"2024","1","낙동강","낙동강하구언","구포","C"
"2024","1","낙동강","낙동강하구언","조만강2","D"
"2024","1","낙동강","낙동강하구언","호계천(김해)","D"
"2024","1","낙동강","낙동강하구언","지사천","E"
"2024","1","낙동강","형산강","형산강1-1","A"
"2024","1","낙동강","형산강","화곡천(경주)","B"
"2024","1","낙동강","형산강","대천1","B"
"2024","1","낙동강","형산강","북천2(경주)","D"
"2024","1","낙동강","형산강","칠평천1","A"
"2024","1","낙동강","형산강","기계천1","A"
"2024","1","낙동강","형산강","형산강5","B"
"2024","1","낙동강","태화강","태화강1","A"
"2024","1","낙동강","태화강","대암","B"
"2024","1","낙동강","태화강","연화천(울주)","B"
"2024","1","낙동강","태화강","구량천","A"
"2024","1","낙동강","태화강","반곡천","A"
"2024","1","낙동강","태화강","두산천","A"
"2024","1","낙동강","태화강","학성","B"
"2024","1","낙동강","태화강","동천-2","B"
"2024","1","낙동강","태화강","성안천","B"
"2024","1","낙동강","태화강","약사천","D"
"2024","1","낙동강","회야강","청량천(울주)","B"
"2024","1","낙동강","회야강","회야강-1","B"
"2024","1","낙동강","회야강","대복천","A"
"2024","1","낙동강","회야강","회야강3","B"
"2024","1","낙동강","회야강","대운천","B"
"2024","1","낙동강","수영강","덕선천","B"
"2024","1","낙동강","수영강","동백천","B"
"2024","1","낙동강","수영강","죽성천","E"
"2024","1","낙동강","수영강","철마천","A"
"2024","1","낙동강","수영강","온천천","E"
"2024","1","낙동강","수영강","수영강-1","E"
"2024","1","낙동강","수영강","수영강5","D"
"2024","1","낙동강","수영강","괴정천","E"
"2024","1","낙동강","왕피천","박금천","A"
"2024","1","낙동강","왕피천","신원천(영양)","A"
"2024","1","낙동강","왕피천","신암천","A"
"2024","1","낙동강","왕피천","광천2(울진)","A"
"2024","1","낙동강","왕피천","왕피천","B"
"2024","1","낙동강","왕피천","척산천","A"
"2024","1","낙동강","왕피천","울령천1","A"
"2024","1","낙동강","왕피천","남천(영덕)","A"
"2024","1","낙동강","영덕오십천","신안천(영덕)","A"
"2024","1","낙동강","영덕오십천","대서천","A"
"2024","1","낙동강","영덕오십천","영덕오십천3","A"
"2024","1","낙동강","영덕오십천","영덕","B"
"2024","1","낙동강","영덕오십천","청하천(포항)","B"
"2024","1","낙동강","영덕오십천","신광천(포항)","B"
"2024","1","낙동강","영덕오십천","초곡천(포항)","C"
"2024","1","낙동강","대종천","대종천","A"
"2024","1","낙동강","대종천","하서천","A"
"2024","1","낙동강","가화천","곤양천","B"
"2024","1","낙동강","가화천","가화천","D"
"2024","1","낙동강","가화천","사천천-1(사천)","A"
"2024","1","영산강","남해도","남해봉천","B"
"2024","1","낙동강","거제도","연초천2","B"
"2024","1","낙동강","낙동강남해","진전천","A"
"2024","1","낙동강","낙동강남해","완암천","B"
"2024","1","낙동강","낙동강남해","내동천(창원)","C"
"2024","1","금강","용담댐","가막-2","A"
"2024","1","금강","용담댐","장계천1","A"
"2024","1","금강","용담댐","가막-4","A"
"2024","1","금강","용담댐","가막","A"
"2024","1","금강","용담댐","명천2","A"
"2024","1","금강","용담댐","구량천2","A"
"2024","1","금강","용담댐","상림천","A"
"2024","1","금강","용담댐","진안천1","B"
"2024","1","금강","용담댐","황금천","A"
"2024","1","금강","용담댐하류","방화천","C"
"2024","1","금강","용담댐하류","삼유천","A"
"2024","1","금강","용담댐하류","용포","A"
"2024","1","금강","무주남대천","무주남대천-2","A"
"2024","1","금강","무주남대천","원당천3","A"
"2024","1","금강","무주남대천","용화천(영동)","A"
"2024","1","금강","무주남대천","상곡천1","A"
"2024","1","금강","무주남대천","소퇴천","A"
"2024","1","금강","무주남대천","무주남대천2","A"
"2024","1","금강","영동천","용포1","A"
"2024","1","금강","영동천","봉황천-1","A"
"2024","1","금강","영동천","보석천","A"
"2024","1","금강","영동천","금산천1(금산)","D"
"2024","1","금강","영동천","기사천1","D"
"2024","1","금강","영동천","기사천2","E"
"2024","1","금강","영동천","호탄천","D"
"2024","1","금강","영동천","제원2","B"
"2024","1","금강","영동천","영동","D"
"2024","1","금강","영동천","삼봉천(영동)","C"
"2024","1","금강","초강","고자천","B"
"2024","1","금강","초강","어촌천","B"
"2024","1","금강","초강","금계천-1(상주)","B"
"2024","1","금강","초강","금계천-2(상주)","B"
"2024","1","금강","초강","서송원천","B"
"2024","1","금강","초강","봉현천","C"
"2024","1","금강","초강","법화천","C"
"2024","1","금강","초강","초강2","B"
"2024","1","금강","대청댐상류","이원천","C"
"2024","1","금강","대청댐상류","옥천","B"
"2024","1","금강","대청댐상류","우산","A"
"2024","1","금강","보청천","보청천1-1","B"
"2024","1","금강","보청천","항건천1","C"
"2024","1","금강","보청천","보청천2-2","C"
"2024","1","금강","보청천","한중천","C"
"2024","1","금강","보청천","보청천3-2","B"
"2024","1","금강","보청천","보청천3-3","B"
"2024","1","금강","대청댐","추풍천-1","D"
"2024","1","금강","대청댐","상곡천-1","B"
"2024","1","금강","대청댐","소옥천2","E"
"2024","1","금강","대청댐","회인천-1","B"
"2024","1","금강","대청댐","대청댐","E"
"2024","1","금강","대청댐","현도-1","C"
"2024","1","금강","갑천","갑천-2","A"
"2024","1","금강","갑천","갑천-1","A"
"2024","1","금강","갑천","화산천(유성)","C"
"2024","1","금강","갑천","유성천1","C"
"2024","1","금강","갑천","유성천2","D"
"2024","1","금강","갑천","삼가천(금산)","B"
"2024","1","금강","갑천","유등천-2","B"
"2024","1","금강","갑천","대전천-1","B"
"2024","1","금강","갑천","관평천(유성)","C"
"2024","1","금강","갑천","갑천5-1","C"
"2024","1","금강","대청댐하류","부강","D"
"2024","1","금강","대청댐하류","백천-1(연동)","D"
"2024","1","금강","미호천","성산천(음성)","E"
"2024","1","금강","미호천","구암천(진천)","C"
"2024","1","금강","미호천","미호강2-1","C"
"2024","1","금강","미호천","한천1(진천)","D"
"2024","1","금강","미호천","보강천3","D"
"2024","1","금강","미호천","성암천1","E"
"2024","1","금강","미호천","석화천2","D"
"2024","1","금강","미호천","병천천-1","C"
"2024","1","금강","미호천","병천천-2","D"
"2024","1","금강","미호천","승천천","E"
"2024","1","금강","미호천","용두천1","E"
"2024","1","금강","미호천","미호강9-1","C"
"2024","1","금강","미호천","미호강10","D"
"2024","1","금강","금강공주","부강1","D"
"2024","1","금강","금강공주","부강2","D"
"2024","1","금강","금강공주","제천","D"
"2024","1","금강","금강공주","연기","C"
"2024","1","금강","금강공주","대교천3","C"
"2024","1","금강","금강공주","금남","C"
"2024","1","금강","금강공주","세종1-1","C"
"2024","1","금강","금강공주","혈저천","B"
"2024","1","금강","금강공주","고성천(공주)","B"
"2024","1","금강","금강공주","평정천","A"
"2024","1","금강","금강공주","청룡천(공주)","C"
"2024","1","금강","금강공주","반촌천","D"
"2024","1","금강","금강공주","공주1","D"
"2024","1","금강","금강공주","제민천","B"
"2024","1","금강","금강공주","금강1","E"
"2024","1","금강","금강공주","유구천-1","D"
"2024","1","금강","금강공주","대룡천","B"
"2024","1","금강","금강공주","마곡천1","B"
"2024","1","금강","금강공주","마곡천2","C"
"2024","1","금강","금강공주","검상천","B"
"2024","1","금강","금강공주","용성천2","C"
"2024","1","금강","금강공주","본의천","B"
"2024","1","금강","금강공주","목면","C"
"2024","1","금강","금강공주","치성천1","C"
"2024","1","금강","금강공주","운곡천(탄천)","C"
"2024","1","금강","금강공주","금강2","D"
"2024","1","금강","금강공주","잉화달천1","C"
"2024","1","금강","금강공주","잉화달천2","D"
"2024","1","금강","금강공주","대치천(청양)","B"
"2024","1","금강","금강공주","장승천","C"
"2024","1","금강","금강공주","지천-3","C"
"2024","1","금강","금강공주","흥산천","D"
"2024","1","금강","금강공주","구룡천2(청양)","D"
"2024","1","금강","금강공주","온직천","C"
"2024","1","금강","금강공주","지천-5","B"
"2024","1","금강","금강공주","화산천(청양)","B"
"2024","1","금강","금강공주","낙지천1","B"
"2024","1","금강","금강공주","아산천(청양)","C"
"2024","1","금강","금강공주","정동","D"
"2024","1","금강","금강공주","가증천1","D"
"2024","1","금강","금강공주","가증천2","D"
"2024","1","금강","금강공주","부여1","E"
"2024","1","금강","금강공주","일광천(부여)","D"
"2024","1","금강","금강공주","왕포천1","D"
"2024","1","금강","금강공주","교원천","D"
"2024","1","금강","금강공주","구룡천1(부여)","D"
"2024","1","금강","금강공주","구룡천2(부여)","D"
"2024","1","금강","금강공주","화수천","E"
"2024","1","금강","금강공주","노티천","E"
"2024","1","금강","금강공주","덕포천","E"
"2024","1","금강","금강공주","증산천1","E"
"2024","1","금강","금강공주","증산천2","E"
"2024","1","금강","금강공주","석성천4","E"
"2024","1","금강","금강공주","성동","E"
"2024","1","금강","논산천","장선천2","B"
"2024","1","금강","논산천","양촌천(논산)","C"
"2024","1","금강","논산천","입촌천","D"
"2024","1","금강","논산천","논산천1-2","B"
"2024","1","금강","논산천","명암천","D"
"2024","1","금강","논산천","논산천2-1","C"
"2024","1","금강","논산천","주천","E"
"2024","1","금강","논산천","연산천1","C"
"2024","1","금강","논산천","연산천3","D"
"2024","1","금강","논산천","연산천4","E"
"2024","1","금강","논산천","논산천4","E"
"2024","1","금강","논산천","강경천-1","C"
"2024","1","금강","논산천","신양천","E"
"2024","1","금강","논산천","황화천","D"
"2024","1","금강","논산천","마산천-2(논산)","E"
"2024","1","금강","금강하구언","사동천","E"
"2024","1","금강","금강하구언","나암천","D"
"2024","1","금강","금강하구언","대조천","E"
"2024","1","금강","금강하구언","산북천1","E"
"2024","1","금강","금강하구언","임천천(부여)","E"
"2024","1","금강","금강하구언","입포천","E"
"2024","1","금강","금강하구언","양화","E"
"2024","1","금강","금강하구언","여사천","E"
"2024","1","금강","금강하구언","단상천","E"
"2024","1","금강","금강하구언","도마천(서천)","E"
"2024","1","금강","금강하구언","길산천3","E"
"2024","1","금강","삽교천","상송천","C"
"2024","1","금강","삽교천","장성천(홍성)","C"
"2024","1","금강","삽교천","삽교천-2","E"
"2024","1","금강","삽교천","삽교천-3","D"
"2024","1","금강","삽교천","덕산천1","C"
"2024","1","금강","삽교천","효교천","D"
"2024","1","금강","삽교천","대천천1","C"
"2024","1","금강","삽교천","대천천2","E"
"2024","1","금강","삽교천","삽교천3","E"
"2024","1","금강","삽교천","무한천-1","B"
"2024","1","금강","삽교천","강촌천(청양)","C"
"2024","1","금강","삽교천","시목천","C"
"2024","1","금강","삽교천","장전천","C"
"2024","1","금강","삽교천","광암천(청양)","B"
"2024","1","금강","삽교천","만사천","B"
"2024","1","금강","삽교천","달천","A"
"2024","1","금강","삽교천","화산천1","C"
"2024","1","금강","삽교천","화산천2","C"
"2024","1","금강","삽교천","탄방천","B"
"2024","1","금강","삽교천","무한천3","D"
"2024","1","금강","삽교천","곡교천-1","B"
"2024","1","금강","삽교천","풍서천","C"
"2024","1","금강","삽교천","곡교천1-1","E"
"2024","1","금강","삽교천","곡교천1-2","D"
"2024","1","금강","삽교천","외암천","A"
"2024","1","금강","삽교천","온양천2","E"
"2024","1","금강","삽교천","음봉천","E"
"2024","1","금강","삽교천","곡교천2","D"
"2024","1","금강","삽교천","신창천","D"
"2024","1","금강","삽교천","남원천-1","C"
"2024","1","금강","삽교천","공포천","D"
"2024","1","금강","삽교천","삽교천5","D"
"2024","1","금강","대호방조제","초대천","C"
"2024","1","금강","대호방조제","검암천(당진)","B"
"2024","1","금강","대호방조제","당진천1-1","E"
"2024","1","금강","대호방조제","당진천2","D"
"2024","1","금강","부남방조제","신장천","E"
"2024","1","금강","부남방조제","간월호1","C"
"2024","1","금강","금강서해","교성천","D"
"2024","1","금강","금강서해","황룡천","E"
"2024","1","금강","금강서해","웅천천2","E"
"2024","1","금강","만경강","수만천","A"
"2024","1","금강","만경강","시랑천","A"
"2024","1","금강","만경강","대치천(완주)","A"
"2024","1","금강","만경강","수락천(완주)","A"
"2024","1","금강","만경강","구룡천1(완주)","A"
"2024","1","금강","만경강","용학천","B"
"2024","1","금강","만경강","천호천","B"
"2024","1","금강","만경강","만경강3","A"
"2024","1","금강","만경강","오도천(완주)","A"
"2024","1","금강","만경강","소양천1-1","A"
"2024","1","금강","만경강","봉서천(완주)","C"
"2024","1","금강","만경강","전주","B"
"2024","1","금강","만경강","전주천-1","A"
"2024","1","금강","만경강","전주천1-2","C"
"2024","1","금강","만경강","삼천-1","A"
"2024","1","금강","만경강","독배천","A"
"2024","1","금강","만경강","삼천1-1","B"
"2024","1","금강","만경강","금학천(전주)","E"
"2024","1","금강","만경강","전주천8","D"
"2024","1","금강","만경강","석탑천(완주)","C"
"2024","1","금강","만경강","조촌천","E"
"2024","1","금강","만경강","부상천","E"
"2024","1","금강","만경강","마산천-1(완주)","E"
"2024","1","금강","만경강","마산천","E"
"2024","1","금강","만경강","김제","C"
"2024","1","금강","만경강","용암천1","E"
"2024","1","금강","만경강","탑천-1","E"
"2024","1","금강","동진강","평사리천","A"
"2024","1","금강","동진강","축현천","B"
"2024","1","금강","동진강","용호천-2","C"
"2024","1","금강","동진강","용산천(정읍)","A"
"2024","1","금강","동진강","용우천","D"
"2024","1","금강","동진강","한교천2","C"
"2024","1","금강","동진강","동진강3","E"
"2024","1","금강","동진강","고부천-2","E"
"2024","1","금강","동진강","만수천(정읍)","E"
"2024","1","금강","동진강","하장천","D"
"2024","1","금강","동진강","유각천","B"
"2024","1","금강","동진강","금구천(김제)","D"
"2024","1","금강","동진강","감곡천","E"
"2024","1","금강","새만금(직소천)","백천-1(부안)","A"
"2024","1","금강","새만금(직소천)","직소천2","D"
"2024","1","금강","새만금(직소천)","주상천2","E"
"2024","1","금강","새만금(직소천)","영은천","E"
"2024","1","영산강","섬진강댐","상표천","A"
"2024","1","영산강","섬진강댐","은천","B"
"2024","1","영산강","섬진강댐","정곡천(진안)","D"
"2024","1","영산강","섬진강댐","세동천3","B"
"2024","1","영산강","섬진강댐","외궁천","A"
"2024","1","영산강","섬진강댐","회초천","A"
"2024","1","영산강","섬진강댐","임실천1","E"
"2024","1","영산강","섬진강댐","지장천","B"
"2024","1","영산강","섬진강댐","운암","E"
"2024","1","영산강","섬진강댐","제목천","A"
"2024","1","영산강","섬진강댐","점기천","C"
"2024","1","영산강","섬진강댐","대가천","B"
"2024","1","영산강","섬진강댐","갈월천","A"
"2024","1","영산강","섬진강댐","추령천-3","A"
"2024","1","영산강","섬진강댐","추령천2","D"
"2024","1","영산강","섬진강댐하류","갈담천1","B"
"2024","1","영산강","섬진강댐하류","이윤천","A"
"2024","1","영산강","섬진강댐하류","임실1","B"
"2024","1","영산강","섬진강댐하류","금창천","A"
"2024","1","영산강","섬진강댐하류","석산","C"
"2024","1","영산강","오수천","오수천-1","A"
"2024","1","영산강","오수천","초장천","C"
"2024","1","영산강","오수천","오수천1-2","A"
"2024","1","영산강","오수천","둔남천1","C"
"2024","1","영산강","오수천","삼봉천(임실)","B"
"2024","1","영산강","오수천","오수천1-3","B"
"2024","1","영산강","오수천","괴양천","C"
"2024","1","영산강","오수천","매내천","E"
"2024","1","영산강","오수천","율천1","C"
"2024","1","영산강","오수천","호암천","C"
"2024","1","영산강","오수천","유천(임실)","B"
"2024","1","영산강","오수천","오동천(순창)","B"
"2024","1","영산강","오수천","오수천2","B"
"2024","1","영산강","순창","적성","B"
"2024","1","영산강","순창","심초천","B"
"2024","1","영산강","순창","경천1","D"
"2024","1","영산강","순창","양지천(순창)","C"
"2024","1","영산강","순창","월천","C"
"2024","1","영산강","순창","우곡천(순창)","C"
"2024","1","영산강","순창","단서천","B"
"2024","1","영산강","순창","삼기천1","B"
"2024","1","영산강","순창","송강천(곡성)","C"
"2024","1","영산강","순창","창정천","E"
"2024","1","영산강","순창","송대천","D"
"2024","1","영산강","순창","남원","E"
"2024","1","영산강","요천","용림천","B"
"2024","1","영산강","요천","유정천(장수)","A"
"2024","1","영산강","요천","대상천","A"
"2024","1","영산강","요천","갈치천","B"
"2024","1","영산강","요천","백암천","B"
"2024","1","영산강","요천","요천1-4","D"
"2024","1","영산강","요천","옥률천1","C"
"2024","1","영산강","요천","요천1-5","C"
"2024","1","영산강","요천","대곡천(남원)","B"
"2024","1","영산강","요천","요천3","C"
"2024","1","영산강","섬진곡성","수지천2","A"
"2024","1","영산강","섬진곡성","뇌죽천","C"
"2024","1","영산강","섬진곡성","곡성천1","B"
"2024","1","영산강","섬진곡성","곡성천2","C"
"2024","1","영산강","섬진곡성","오곡천1","D"
"2024","1","영산강","섬진곡성","두가천","A"
"2024","1","영산강","섬진곡성","곡성","C"
"2024","1","영산강","주암댐","보성강-1","B"
"2024","1","영산강","주암댐","대산천(보성)","A"
"2024","1","영산강","주암댐","석교천(장흥)","C"
"2024","1","영산강","주암댐","장평천(장흥)","C"
"2024","1","영산강","주암댐","임천천(장흥)","C"
"2024","1","영산강","주암댐","대련천","B"
"2024","1","영산강","주암댐","노동천(보성)","B"
"2024","1","영산강","주암댐","봉화천","B"
"2024","1","영산강","주암댐","겸백천","A"
"2024","1","영산강","주암댐","보성강4","B"
"2024","1","영산강","주암댐","복내천1","B"
"2024","1","영산강","주암댐","일봉천","A"
"2024","1","영산강","주암댐","동복천-1","C"
"2024","1","영산강","주암댐","남천-1","A"
"2024","1","영산강","주암댐","수리천(화순)","A"
"2024","1","영산강","주암댐","이서천1","A"
"2024","1","영산강","주암댐","이서천2","B"
"2024","1","영산강","주암댐","가수천1","B"
"2024","1","영산강","주암댐","가수천2","A"
"2024","1","영산강","주암댐","외남천1","A"
"2024","1","영산강","주암댐","대곡천(화순)","A"
"2024","1","영산강","주암댐","송암천","B"
"2024","1","영산강","주암댐","동복천4","D"
"2024","1","영산강","주암댐","송광천1","B"
"2024","1","영산강","주암댐","송광천2","B"
"2024","1","영산강","주암댐","보성강4-1","A"
"2024","1","영산강","보성강","보성강5","B"
"2024","1","영산강","보성강","주암천1","B"
"2024","1","영산강","보성강","용촌천","C"
"2024","1","영산강","보성강","백록천(곡성)","C"
"2024","1","영산강","보성강","온수천(곡성)","B"
"2024","1","영산강","보성강","당월천","B"
"2024","1","영산강","보성강","목사동천1","B"
"2024","1","영산강","보성강","목사동천2","B"
"2024","1","영산강","보성강","죽곡천(곡성)","B"
"2024","1","영산강","보성강","고치천","A"
"2024","1","영산강","보성강","보성강7","B"
"2024","1","영산강","섬진강하류","봉두천","B"
"2024","1","영산강","섬진강하류","계월천(순천)","A"
"2024","1","영산강","섬진강하류","월용천","A"
"2024","1","영산강","섬진강하류","봉덕천","A"
"2024","1","영산강","섬진강하류","산정천(구례)","C"
"2024","1","영산강","섬진강하류","대두천","A"
"2024","1","영산강","섬진강하류","무은천","C"
"2024","1","영산강","섬진강하류","신도천","C"
"2024","1","영산강","섬진강하류","마산천1","A"
"2024","1","영산강","섬진강하류","마산천2","C"
"2024","1","영산강","섬진강하류","토지천","A"
"2024","1","영산강","섬진강하류","간문천1","A"
"2024","1","영산강","섬진강하류","구례","C"
"2024","1","영산강","섬진강하류","흥대천","B"
"2024","1","영산강","섬진강하류","내서천1","A"
"2024","1","영산강","섬진강하류","화개천1","A"
"2024","1","영산강","섬진강하류","화개천3","A"
"2024","1","영산강","섬진강하류","신기천(하동)","B"
"2024","1","영산강","섬진강하류","악양천2","B"
"2024","1","영산강","섬진강하류","하동","B"
"2024","1","영산강","섬진강하류","여의천(하동)","A"
"2024","1","영산강","섬진강하류","강화천","B"
"2024","1","영산강","섬진강하류","통정천","B"
"2024","1","영산강","섬진강하류","지례천","E"
"2024","1","영산강","섬진강하류","진정천","A"
"2024","1","영산강","섬진강하류","진월","E"
"2024","1","영산강","섬진강서남해","강진천1","D"
"2024","1","영산강","섬진강서남해","장계천(강진)","B"
"2024","1","영산강","섬진강서남해","고읍천(장흥)","B"
"2024","1","영산강","섬진강서남해","사정천","E"
"2024","1","영산강","완도","군외천","A"
"2024","1","영산강","금산면","오천천","D"
"2024","1","영산강","금산면","신평천(고흥)","B"
"2024","1","영산강","이사천","쌍암천","B"
"2024","1","영산강","이사천","평곡천","C"
"2024","1","영산강","이사천","해룡천(순천)","E"
"2024","1","영산강","이사천","순천동천4","D"
"2024","1","영산강","수어천","광양서천-1","A"
"2024","1","영산강","수어천","광양동천2","B"
"2024","1","영산강","수어천","수어천2","E"
"2024","1","영산강","여수시","돌산천","C"
"2024","1","영산강","영산강상류","금성천(담양)","C"
"2024","1","영산강","영산강상류","담양","D"
"2024","1","영산강","영산강상류","월산천(담양)","B"
"2024","1","영산강","영산강상류","용천2","D"
"2024","1","영산강","영산강상류","담양1","E"
"2024","1","영산강","영산강상류","석곡천1","B"
"2024","1","영산강","영산강상류","삼천천","B"
"2024","1","영산강","영산강상류","증암천3","B"
"2024","1","영산강","영산강상류","우치","D"
"2024","1","영산강","영산강상류","진원천","D"
"2024","1","영산강","영산강상류","평산천","C"
"2024","1","영산강","영산강상류","장수천(광산)","D"
"2024","1","영산강","영산강상류","광주1","C"
"2024","1","영산강","영산강상류","광주2","E"
"2024","1","영산강","영산강상류","서창천","D"
"2024","1","영산강","영산강상류","광주3","E"
"2024","1","영산강","황룡강","황룡강-1","A"
"2024","1","영산강","황룡강","모현천","A"
"2024","1","영산강","황룡강","북일천","B"
"2024","1","영산강","황룡강","서삼천","B"
"2024","1","영산강","황룡강","취암천1","A"
"2024","1","영산강","황룡강","취암천2","B"
"2024","1","영산강","황룡강","동화천(청양)","D"
"2024","1","영산강","황룡강","황룡강3-1","B"
"2024","1","영산강","황룡강","평림천-1","A"
"2024","1","영산강","황룡강","침천","C"
"2024","1","영산강","황룡강","운수천","D"
"2024","1","영산강","황룡강","황룡강5","D"
"2024","1","영산강","영산강중류(죽산보)","화장","E"
"2024","1","영산강","영산강중류(죽산보)","광산1","C"
"2024","1","영산강","영산강중류(죽산보)","장성천3","D"
"2024","1","영산강","영산강중류(죽산보)","나주","E"
"2024","1","영산강","영산강중류(죽산보)","나주1","E"
"2024","1","영산강","영산강중류(죽산보)","만봉천-1","D"
"2024","1","영산강","영산강중류(죽산보)","나주2","E"
"2024","1","영산강","영산강중류(죽산보)","문평천","E"
"2024","1","영산강","영산강중류(죽산보)","죽산","D"
"2024","1","영산강","영산강중류(죽산보)","영산포2","E"
"2024","1","영산강","지석천","쌍봉사천","C"
"2024","1","영산강","지석천","활용천","A"
"2024","1","영산강","지석천","차천(화순)","A"
"2024","1","영산강","지석천","대비천(화순)","B"
"2024","1","영산강","지석천","오유천","B"
"2024","1","영산강","지석천","송석천2","A"
"2024","1","영산강","지석천","지석천-3","A"
"2024","1","영산강","지석천","광대천","B"
"2024","1","영산강","지석천","결우천","B"
"2024","1","영산강","지석천","화순천-1","B"
"2024","1","영산강","지석천","화순천-2","A"
"2024","1","영산강","지석천","벌고천","D"
"2024","1","영산강","지석천","지석천1-1","B"
"2024","1","영산강","지석천","유곡천(화순)","C"
"2024","1","영산강","지석천","봉학천","A"
"2024","1","영산강","지석천","궁원천","B"
"2024","1","영산강","지석천","대초천3","C"
"2024","1","영산강","지석천","송학천","C"
"2024","1","영산강","지석천","수춘천","B"
"2024","1","영산강","지석천","지석천5","B"
"2024","1","영산강","고막원천","고막원천-1","D"
"2024","1","영산강","고막원천","삼서천","D"
"2024","1","영산강","고막원천","고막원천1-2","C"
"2024","1","영산강","고막원천","해보천1","E"
"2024","1","영산강","고막원천","해보천2","D"
"2024","1","영산강","고막원천","고막원천2-1","C"
"2024","1","영산강","고막원천","평능천","B"
"2024","1","영산강","고막원천","안국천","E"
"2024","1","영산강","고막원천","고막원천4","D"
"2024","1","영산강","영산강하류","함평천-1","C"
"2024","1","영산강","영산강하류","학교천","E"
"2024","1","영산강","영산강하류","무안천1","D"
"2024","1","영산강","영산강하류","대치천(무안)","E"
"2024","1","영산강","영산강하류","무안1","D"
"2024","1","영산강","영산강하류","삼포천-1","E"
"2024","1","영산강","영산강하류","금곡천(나주)","D"
"2024","1","영산강","영산강하류","성남천","E"
"2024","1","영산강","영암천","영암천-1","D"
"2024","1","영산강","영암천","회문천","C"
"2024","1","영산강","영암천","영암천1","E"
"2024","1","영산강","영암천","영암천1-1","B"
"2024","1","영산강","영암천","학산천1","B"
"2024","1","영산강","영암천","군서천(영암)","C"
"2024","1","영산강","영산강하구언","망월천","C"
"2024","1","영산강","영산강하구언","무안2","D"
"2024","1","영산강","탐진강","운월천","A"
"2024","1","영산강","탐진강","탐진강2-1","A"
"2024","1","영산강","탐진강","탐진강2-2","B"
"2024","1","영산강","탐진강","옴천천4","D"
"2024","1","영산강","탐진강","월곡천","B"
"2024","1","영산강","탐진강","부동천1","C"
"2024","1","영산강","탐진강","평화천","B"
"2024","1","영산강","탐진강","금강천-2","C"
"2024","1","영산강","탐진강","금강천-3","B"
"2024","1","영산강","탐진강","탐진강4-1","C"
"2024","1","영산강","탐진강","탐진강5","A"
"2024","1","영산강","진도","석교천","E"
"2024","1","영산강","영암방조제","영암호","D"
"2024","1","영산강","영암방조제","삼산천","C"
"2024","1","영산강","영암방조제","계곡천","C"
"2024","1","영산강","주진천","운산천","B"
"2024","1","영산강","주진천","주진천-1","D"
"2024","1","영산강","주진천","주진천-2","D"
"2024","1","영산강","주진천","고수천","D"
"2024","1","영산강","주진천","주진천3","D"
"2024","1","영산강","주진천","해리천","E"
"2024","1","영산강","와탄천","불갑천1","C"
"2024","1","영산강","와탄천","학산천(영광)","E"
"2024","1","영산강","와탄천","대산천1(고창)","C"
"2024","1","영산강","와탄천","대산천3","E"
"2024","1","영산강","와탄천","와탄천-2","E"
"2024","1","영산강","와탄천","와탄천","E"
"2024","1","영산강","와탄천","자룡천","E"
"2024","1","영산강","신안군","금산천1","D"
"2024","1","영산강","제주서해","옹포천1","B"
"2024","1","영산강","제주북해","외도천","C"
"2024","1","영산강","제주남해","동홍천","C"
"2024","2","한강","남한강상류","임계천","A"
"2024","2","한강","남한강상류","송천1","B"
"2024","2","한강","남한강상류","대기천","C"
"2024","2","한강","남한강상류","어천1-1","A"
"2024","2","한강","남한강상류","지장천3","A"
"2024","2","한강","남한강상류","영월1","A"
"2024","2","한강","평창강","하안미천","B"
"2024","2","한강","평창강","판운천","B"
"2024","2","한강","평창강","주천강-1(횡성)","A"
"2024","2","한강","평창강","주천강-2","B"
"2024","2","한강","평창강","오미천(원주)","A"
"2024","2","한강","평창강","엄둔천","A"
"2024","2","한강","평창강","평창강3-2","A"
"2024","2","한강","평창강","쌍용천2","B"
"2024","2","한강","평창강","연당천","B"
"2024","2","한강","평창강","평창강5","B"
"2024","2","한강","충주댐","영월2","A"
"2024","2","한강","충주댐","덕구천","A"
"2024","2","한강","충주댐","마포천1","A"
"2024","2","한강","충주댐","영춘","A"
"2024","2","한강","충주댐","사이곡천","A"
"2024","2","한강","충주댐","어곡천1","A"
"2024","2","한강","충주댐","하일천","A"
"2024","2","한강","충주댐","덕천1","B"
"2024","2","한강","충주댐","노동천(단양)","A"
"2024","2","한강","충주댐","남조천","A"
"2024","2","한강","충주댐","수산천(제천)","C"
"2024","2","한강","충주댐","주포천","A"
"2024","2","한강","충주댐","고암천","C"
"2024","2","한강","충주댐","미당천(제천)","C"
"2024","2","한강","충주댐","제천천3-1","B"
"2024","2","한강","충주댐","화당천","B"
"2024","2","한강","충주댐","광천1(제천)","A"
"2024","2","한강","충주댐","광천2(제천)","A"
"2024","2","한강","충주댐","충주댐","B"
"2024","2","한강","충주댐","목행대교","C"
"2024","2","한강","달천","미원천1(청주)","B"
"2024","2","한강","달천","감천1(청주)","B"
"2024","2","한강","달천","감천2","C"
"2024","2","한강","달천","구룡천1(괴산)","B"
"2024","2","한강","달천","압항천","B"
"2024","2","한강","달천","흑석천","B"
"2024","2","한강","달천","원풍천","B"
"2024","2","한강","달천","동진천-1","C"
"2024","2","한강","달천","신항천","B"
"2024","2","한강","달천","소여천","C"
"2024","2","한강","달천","음성천-2","C"
"2024","2","한강","달천","달천6-1","B"
"2024","2","한강","달천","달천6-2","B"
"2024","2","한강","달천","요도천-1","C"
"2024","2","한강","달천","교현천","C"
"2024","2","한강","충주댐하류","영덕천1","C"
"2024","2","한강","충주댐하류","오량천","C"
"2024","2","한강","충주댐하류","원주","A"
"2024","2","한강","섬강","전천-1(횡성)","B"
"2024","2","한강","섬강","생운천","B"
"2024","2","한강","섬강","화천(원주)","A"
"2024","2","한강","섬강","계정천(양평)","A"
"2024","2","한강","섬강","단석천","A"
"2024","2","한강","섬강","대안천","B"
"2024","2","한강","섬강","섬강6","A"
"2024","2","한강","남한강하류","미평천","D"
"2024","2","한강","남한강하류","대덕천(용인)","C"
"2024","2","한강","남한강하류","용천천","C"
"2024","2","한강","남한강하류","율곡천(용인)","C"
"2024","2","한강","남한강하류","죽산천1(안성)","C"
"2024","2","한강","남한강하류","용설천","C"
"2024","2","한강","남한강하류","화곡천(안성)","E"
"2024","2","한강","남한강하류","신흥천(안성)","E"
"2024","2","한강","남한강하류","한천(음성)","D"
"2024","2","한강","남한강하류","석원천","E"
"2024","2","한강","남한강하류","청미천3-1","D"
"2024","2","한강","남한강하류","응천-2","C"
"2024","2","한강","남한강하류","청미천3-2","D"
"2024","2","한강","남한강하류","청미천5","B"
"2024","2","한강","남한강하류","삼승천","C"
"2024","2","한강","남한강하류","강천-1","B"
"2024","2","한강","남한강하류","강천-2","D"
"2024","2","한강","남한강하류","강천","C"
"2024","2","한강","남한강하류","연양천","B"
"2024","2","한강","남한강하류","강천1","D"
"2024","2","한강","남한강하류","간매천","B"
"2024","2","한강","남한강하류","완장천","B"
"2024","2","한강","남한강하류","금당천2","A"
"2024","2","한강","남한강하류","오금천(여주)","D"
"2024","2","한강","남한강하류","여주1","B"
"2024","2","한강","남한강하류","대신","D"
"2024","2","한강","남한강하류","여주1-2","C"
"2024","2","한강","남한강하류","곡수천1-1","D"
"2024","2","한강","남한강하류","장풍천","B"
"2024","2","한강","남한강하류","여주2","D"
"2024","2","한강","남한강하류","양화천-1","D"
"2024","2","한강","남한강하류","해룡천(여주)","E"
"2024","2","한강","남한강하류","대신천","B"
"2024","2","한강","남한강하류","양화천3","C"
"2024","2","한강","남한강하류","복하천1-1","C"
"2024","2","한강","남한강하류","복하천1-2","D"
"2024","2","한강","남한강하류","단천천","D"
"2024","2","한강","남한강하류","복하천1-3","E"
"2024","2","한강","남한강하류","원두천","C"
"2024","2","한강","남한강하류","장록천","D"
"2024","2","한강","남한강하류","복하천2-1","B"
"2024","2","한강","남한강하류","신대천(이천)","D"
"2024","2","한강","남한강하류","죽당천","C"
"2024","2","한강","남한강하류","복하천5","B"
"2024","2","한강","남한강하류","계장천","E"
"2024","2","한강","남한강하류","이포","E"
"2024","2","한강","남한강하류","이포(양평)","C"
"2024","2","한강","남한강하류","금사천","A"
"2024","2","한강","남한강하류","주어천","B"
"2024","2","한강","남한강하류","여물천","A"
"2024","2","한강","남한강하류","벗고개천","A"
"2024","2","한강","남한강하류","고송천","A"
"2024","2","한강","남한강하류","월산천(양평)","B"
"2024","2","한강","남한강하류","중원천","A"
"2024","2","한강","남한강하류","연수천","A"
"2024","2","한강","남한강하류","강상","D"
"2024","2","한강","남한강하류","덕평천","B"
"2024","2","한강","남한강하류","성덕천","A"
"2024","2","한강","남한강하류","복포천","B"
"2024","2","한강","평화의댐","화천","C"
"2024","2","한강","춘천댐","수입천1","A"
"2024","2","한강","춘천댐","서천","B"
"2024","2","한강","춘천댐","공리천","B"
"2024","2","한강","춘천댐","군량천","B"
"2024","2","한강","춘천댐","간척천","A"
"2024","2","한강","춘천댐","다목천","A"
"2024","2","한강","춘천댐","구운천","A"
"2024","2","한강","춘천댐","신읍천","A"
"2024","2","한강","춘천댐","용암천(화천)","A"
"2024","2","한강","춘천댐","지촌천2","A"
"2024","2","한강","춘천댐","월송천","C"
"2024","2","한강","춘천댐","춘천3","B"
"2024","2","한강","인북천","인북천-1","A"
"2024","2","한강","인북천","인북천-2","A"
"2024","2","한강","인북천","양지말천","A"
"2024","2","한강","인북천","인북천1","A"
"2024","2","한강","소양강","자운천","A"
"2024","2","한강","소양강","우각천1","A"
"2024","2","한강","소양강","두무천","A"
"2024","2","한강","소양강","소양강2","C"
"2024","2","한강","소양강","만천천","A"
"2024","2","한강","의암댐","퇴계천","B"
"2024","2","한강","의암댐","공지천1-1","A"
"2024","2","한강","의암댐","의암댐","B"
"2024","2","한강","의암댐","강촌천(춘천)","A"
"2024","2","한강","의암댐","경덕천","A"
"2024","2","한강","의암댐","화악천2","A"
"2024","2","한강","의암댐","가평천2-1","A"
"2024","2","한강","의암댐","승안천","A"
"2024","2","한강","의암댐","남이섬","D"
"2024","2","한강","홍천강","삼거천(홍천)","A"
"2024","2","한강","홍천강","내촌천1","A"
"2024","2","한강","홍천강","수하천","A"
"2024","2","한강","홍천강","성수리천","A"
"2024","2","한강","홍천강","장전평천","A"
"2024","2","한강","홍천강","성동천1","A"
"2024","2","한강","홍천강","부사원천","B"
"2024","2","한강","홍천강","굴지천2","A"
"2024","2","한강","홍천강","팔봉천","A"
"2024","2","한강","홍천강","두미천(홍천)","A"
"2024","2","한강","홍천강","산음천","A"
"2024","2","한강","홍천강","홍천강2-1","A"
"2024","2","한강","홍천강","길곡천(홍천)","A"
"2024","2","한강","홍천강","추곡천","B"
"2024","2","한강","홍천강","홍천강4","C"
"2024","2","한강","청평댐","설곡천","A"
"2024","2","한강","청평댐","제청천","A"
"2024","2","한강","청평댐","세곡천(가평)","A"
"2024","2","한강","청평댐","행현천","A"
"2024","2","한강","청평댐","상천천","C"
"2024","2","한강","청평댐","구운천2","A"
"2024","2","한강","청평댐","중미천","A"
"2024","2","한강","청평댐","벽계천2","A"
"2024","2","한강","청평댐","맹동천","A"
"2024","2","한강","청평댐","서후천","A"
"2024","2","한강","청평댐","삼봉리1","E"
"2024","2","한강","청평댐","시우천","B"
"2024","2","한강","경안천","금학천(용인)","D"
"2024","2","한강","경안천","대대천","E"
"2024","2","한강","경안천","영문천","C"
"2024","2","한강","경안천","신원천(용인)","C"
"2024","2","한강","경안천","오산천3(모현)","D"
"2024","2","한강","경안천","중대천(광주)","B"
"2024","2","한강","경안천","신촌천(광주)","B"
"2024","2","한강","경안천","유정천(광주)","C"
"2024","2","한강","경안천","진우천","B"
"2024","2","한강","경안천","산이천(광주)",""
"2024","2","한강","경안천","경안천9","C"
"2024","2","한강","경안천","무갑천-1","A"
"2024","2","한강","경안천","번천2","C"
"2024","2","한강","팔당댐","팔당댐1","D"
"2024","2","한강","한강서울","동막천2","D"
"2024","2","한강","한강서울","금토천","B"
"2024","2","한강","한강서울","탄천5","A"
"2024","2","한강","한강서울","세곡천(성남)","D"
"2024","2","한강","한강서울","탄천6","D"
"2024","2","한강","한강서울","어둔천","C"
"2024","2","한강","한강서울","중랑천2","D"
"2024","2","한강","한강서울","백석천","C"
"2024","2","한강","한강서울","청계천3","E"
"2024","2","한강","한강서울","중랑천7","E"
"2024","2","한강","한강서울","보광","C"
"2024","2","한강","한강서울","노량진","C"
"2024","2","한강","한강서울","영등포","C"
"2024","2","한강","한강서울","불광천","E"
"2024","2","한강","한강서울","학의천1","C"
"2024","2","한강","한강서울","삼성천(안양)","D"
"2024","2","한강","한강서울","목감천-1","D"
"2024","2","한강","한강서울","도림천1","E"
"2024","2","한강","한강서울","안양천10","E"
"2024","2","한강","한강고양","가양","E"
"2024","2","한강","한강고양","창릉천-1","A"
"2024","2","한강","한강고양","순창천","E"
"2024","2","한강","한강고양","행신천","E"
"2024","2","한강","한강고양","도촌천","E"
"2024","2","한강","한강고양","행주","D"
"2024","2","한강","한강고양","나진포천1","E"
"2024","2","한강","한강고양","파주",""
"2024","2","한강","한강고양","석모천","D"
"2024","2","한강","한강고양","가마지천","D"
"2024","2","한강","한강고양","서암천","D"
"2024","2","한강","한강고양","국사천","E"
"2024","2","한강","한강고양","오금천(고양)","C"
"2024","2","한강","한강고양","대자천","C"
"2024","2","한강","한강고양","고산천(파주)","C"
"2024","2","한강","한강고양","소리천","E"
"2024","2","한강","한강고양","금촌천","E"
"2024","2","한강","한강고양","소위지천","C"
"2024","2","한강","한강고양","공릉천6","C"
"2024","2","한강","임진강상류","마거천","A"
"2024","2","한강","임진강상류","옥계천(연천)","B"
"2024","2","한강","임진강상류","임진강2","A"
"2024","2","한강","임진강상류","죽대천","B"
"2024","2","한강","한탄강","사곡천","A"
"2024","2","한강","한탄강","부소천","A"
"2024","2","한강","한탄강","한탄강1-1","A"
"2024","2","한강","한탄강","야미천","A"
"2024","2","한강","한탄강","우금천","B"
"2024","2","한강","한탄강","명덕천2","A"
"2024","2","한강","한탄강","추동천(포천)","B"
"2024","2","한강","한탄강","입암천","E"
"2024","2","한강","한탄강","청담천","C"
"2024","2","한강","한탄강","상패천","D"
"2024","2","한강","한탄강","신천3","E"
"2024","2","한강","한탄강","수동천1","A"
"2024","2","한강","한탄강","한탄강4-1","B"
"2024","2","한강","임진강하류","임진강6","C"
"2024","2","한강","한강하류","월곶",""
"2024","2","한강","한강잠실","홍릉천","D"
"2024","2","한강","한강잠실","왕숙천-1","B"
"2024","2","한강","한강잠실","왕숙천1-1","B"
"2024","2","한강","한강잠실","왕숙천2","A"
"2024","2","한강","한강잠실","사릉천","B"
"2024","2","한강","한강잠실","용암천","B"
"2024","2","한강","한강잠실","잠실","D"
"2024","2","한강","안성천","기솔천","B"
"2024","2","한강","안성천","현곡천","B"
"2024","2","한강","안성천","한운천","C"
"2024","2","한강","안성천","월동천","D"
"2024","2","한강","안성천","안성천1","D"
"2024","2","한강","안성천","안성천1-1","D"
"2024","2","한강","안성천","곡천","D"
"2024","2","한강","안성천","도곡천(안성)","E"
"2024","2","한강","안성천","양촌천(안성)","C"
"2024","2","한강","안성천","청룡천(안성)","C"
"2024","2","한강","안성천","유천(안성)","E"
"2024","2","한강","안성천","안성천2-1","D"
"2024","2","한강","안성천","안성천3","D"
"2024","2","한강","안성천","통복천","E"
"2024","2","한강","안성천","용덕사천","D"
"2024","2","한강","안성천","완장천(용인)","E"
"2024","2","한강","안성천","신리천(화성)","B"
"2024","2","한강","안성천","수원천(수원)","D"
"2024","2","한강","안성천","두릉천","C"
"2024","2","한강","안성천","관리천1","D"
"2024","2","한강","안성천","교포천","D"
"2024","2","한강","안성천","안성천4","E"
"2024","2","한강","안성천","군계천","D"
"2024","2","한강","안성천","신언천","E"
"2024","2","한강","안성천","아산천(아산)","C"
"2024","2","한강","한강서해","포내천","D"
"2024","2","한강","한강서해","승기천","E"
"2024","2","한강","한강서해","장수천(논현)","E"
"2024","2","한강","한강서해","선행천-1","E"
"2024","2","한강","한강서해","숭릉천","E"
"2024","2","한강","한강서해","삼거천(강화)","E"
"2024","2","한강","시화호","안산천2","D"
"2024","2","한강","시화호","동화천(화성)","C"
"2024","2","한강","시화호","자안천","C"
"2024","2","한강","시화호","발안천","E"
"2024","2","한강","양양남대천","산북천","A"
"2024","2","한강","양양남대천","용천","A"
"2024","2","한강","양양남대천","거마천","C"
"2024","2","한강","양양남대천","양양","A"
"2024","2","한강","강릉남대천","연곡천2","C"
"2024","2","한강","강릉남대천","포남","D"
"2024","2","한강","강릉남대천","섬석천","A"
"2024","2","한강","삼척오십천","천기천","A"
"2024","2","한강","삼척오십천","사직","B"
"2024","2","한강","삼척오십천","교곡천","B"
"2024","2","낙동강","안동댐","소도천","B"
"2024","2","낙동강","안동댐","송정리천","A"
"2024","2","낙동강","안동댐","석포5","A"
"2024","2","낙동강","안동댐","현동천1","A"
"2024","2","낙동강","안동댐","봉화1","B"
"2024","2","낙동강","안동댐","운곡천2","A"
"2024","2","낙동강","안동댐","관창리천","A"
"2024","2","낙동강","안동댐","역계천","A"
"2024","2","낙동강","안동댐","안동1","E"
"2024","2","낙동강","임하댐","반변천-1","A"
"2024","2","낙동강","임하댐","장군천","A"
"2024","2","낙동강","임하댐","동천1(영양)","C"
"2024","2","낙동강","임하댐","신사천","C"
"2024","2","낙동강","임하댐","화매천2","B"
"2024","2","낙동강","임하댐","노부천","A"
"2024","2","낙동강","임하댐","주산천1","D"
"2024","2","낙동강","임하댐","구평천","C"
"2024","2","낙동강","임하댐","신기천(청송)","B"
"2024","2","낙동강","임하댐","대곡천(안동)","B"
"2024","2","낙동강","임하댐","길안천-2","B"
"2024","2","낙동강","임하댐","병보천1","B"
"2024","2","낙동강","임하댐","길안천-3","A"
"2024","2","낙동강","임하댐","백자천","B"
"2024","2","낙동강","임하댐","신기천(안동)",""
"2024","2","낙동강","임하댐","반변천4","D"
"2024","2","낙동강","안동댐하류","안동2","E"
"2024","2","낙동강","안동댐하류","달곡천","B"
"2024","2","낙동강","안동댐하류","옥곡천","B"
"2024","2","낙동강","안동댐하류","미천-3","B"
"2024","2","낙동강","안동댐하류","송양천","E"
"2024","2","낙동강","안동댐하류","하고천(안동)","C"
"2024","2","낙동강","안동댐하류","안동3","E"
"2024","2","낙동강","안동댐하류","신역천","C"
"2024","2","낙동강","안동댐하류","광산천1-1","C"
"2024","2","낙동강","안동댐하류","예천2","D"
"2024","2","낙동강","내성천","내성천-1","B"
"2024","2","낙동강","내성천","창평천","A"
"2024","2","낙동강","내성천","낙화암천2","C"
"2024","2","낙동강","내성천","토일천-2","C"
"2024","2","낙동강","내성천","남원천","B"
"2024","2","낙동강","내성천","죽계천1","B"
"2024","2","낙동강","내성천","석탑천(안동)","A"
"2024","2","낙동강","내성천","우곡천(영주)","B"
"2024","2","낙동강","내성천","석관천1","A"
"2024","2","낙동강","내성천","중평천(예천)","B"
"2024","2","낙동강","내성천","송평천","B"
"2024","2","낙동강","내성천","내성천5","B"
"2024","2","낙동강","내성천","복계천1","C"
"2024","2","낙동강","영강","영강-2","D"
"2024","2","낙동강","영강","신북천1","A"
"2024","2","낙동강","영강","신북천2","D"
"2024","2","낙동강","영강","영강1-1","A"
"2024","2","낙동강","영강","이안천-2","B"
"2024","2","낙동강","영강","지산천(상주)","B"
"2024","2","낙동강","영강","영강2-1","E"
"2024","2","낙동강","병성천","병성천-1","B"
"2024","2","낙동강","병성천","개운천(상주)","C"
"2024","2","낙동강","병성천","병성천","C"
"2024","2","낙동강","낙동상주","영순","D"
"2024","2","낙동강","낙동상주","상주-1","D"
"2024","2","낙동강","낙동상주","상주1","D"
"2024","2","낙동강","낙동상주","상주1-1","D"
"2024","2","낙동강","낙동상주","상주1-2","D"
"2024","2","낙동강","낙동상주","상주2","E"
"2024","2","낙동강","낙동상주","말지천","B"
"2024","2","낙동강","위천","위천1-1","A"
"2024","2","낙동강","위천","구천(군위)","B"
"2024","2","낙동강","위천","군위남천-1","B"
"2024","2","낙동강","위천","신안천(군위)","C"
"2024","2","낙동강","위천","곡정천1","B"
"2024","2","낙동강","위천","금오천","B"
"2024","2","낙동강","위천","사미천(의성)","C"
"2024","2","낙동강","위천","쌍계천-3","B"
"2024","2","낙동강","위천","안평천1","C"
"2024","2","낙동강","위천","안평천2","B"
"2024","2","낙동강","위천","위양천","E"
"2024","2","낙동강","위천","위천5","E"
"2024","2","낙동강","구미보(낙동구미)","상주2-1","E"
"2024","2","낙동강","구미보(낙동구미)","상주3","D"
"2024","2","낙동강","구미보(낙동구미)","산곡-1","D"
"2024","2","낙동강","구미보(낙동구미)","신곡천","A"
"2024","2","낙동강","구미보(낙동구미)","산곡","D"
"2024","2","낙동강","감천","부항천1","A"
"2024","2","낙동강","감천","하원천","A"
"2024","2","낙동강","감천","강곡천","B"
"2024","2","낙동강","감천","백운천(김천)","C"
"2024","2","낙동강","감천","율곡천(김천)","B"
"2024","2","낙동강","감천","감문천","C"
"2024","2","낙동강","감천","외현천","C"
"2024","2","낙동강","감천","대천(구미)","B"
"2024","2","낙동강","감천","감천4","B"
"2024","2","낙동강","강정고령보(낙동왜관)","강정","D"
"2024","2","낙동강","강정고령보(낙동왜관)","습문천","C"
"2024","2","낙동강","강정고령보(낙동왜관)","성수천(구미)","A"
"2024","2","낙동강","강정고령보(낙동왜관)","금산천(구미)","B"
"2024","2","낙동강","강정고령보(낙동왜관)","이계천","D"
"2024","2","낙동강","강정고령보(낙동왜관)","광평천(구미)","E"
"2024","2","낙동강","강정고령보(낙동왜관)","강정1","E"
"2024","2","낙동강","강정고령보(낙동왜관)","경호천2","D"
"2024","2","낙동강","강정고령보(낙동왜관)","칠곡","D"
"2024","2","낙동강","강정고령보(낙동왜관)","칠곡1","E"
"2024","2","낙동강","강정고령보(낙동왜관)","동정천(칠곡)","D"
"2024","2","낙동강","강정고령보(낙동왜관)","왜관","D"
"2024","2","낙동강","강정고령보(낙동왜관)","봉암천","B"
"2024","2","낙동강","강정고령보(낙동왜관)","신천(성주)","B"
"2024","2","낙동강","강정고령보(낙동왜관)","달성","E"
"2024","2","낙동강","금호강","임고천","A"
"2024","2","낙동강","금호강","고촌천2","C"
"2024","2","낙동강","금호강","신령천-2","B"
"2024","2","낙동강","금호강","신령천-3","B"
"2024","2","낙동강","금호강","횡계천","B"
"2024","2","낙동강","금호강","고현천3","B"
"2024","2","낙동강","금호강","용호천(북안)","C"
"2024","2","낙동강","금호강","북안천2","B"
"2024","2","낙동강","금호강","박사천","A"
"2024","2","낙동강","금호강","오목천(경산)","C"
"2024","2","낙동강","금호강","송백천","B"
"2024","2","낙동강","금호강","욱수천-1","B"
"2024","2","낙동강","금호강","금호강4-1","B"
"2024","2","낙동강","금호강","불로천","B"
"2024","2","낙동강","금호강","용수천(미곡)","A"
"2024","2","낙동강","금호강","지묘천","A"
"2024","2","낙동강","금호강","신천1","A"
"2024","2","낙동강","금호강","신천2(봉덕)","B"
"2024","2","낙동강","금호강","신천3(대현)","C"
"2024","2","낙동강","금호강","팔거천2","B"
"2024","2","낙동강","금호강","이언천2","C"
"2024","2","낙동강","금호강","금호강9","D"
"2024","2","낙동강","회천","화죽천","C"
"2024","2","낙동강","회천","계정천(성주)","A"
"2024","2","낙동강","회천","오리천","A"
"2024","2","낙동강","회천","내곡천","A"
"2024","2","낙동강","회천","이천천","B"
"2024","2","낙동강","회천","가야천1","B"
"2024","2","낙동강","회천","회천3","C"
"2024","2","낙동강","창녕합천보(낙동고령)","진천천","D"
"2024","2","낙동강","창녕합천보(낙동고령)","달성1","D"
"2024","2","낙동강","창녕합천보(낙동고령)","기세곡천","B"
"2024","2","낙동강","창녕합천보(낙동고령)","고령-1","E"
"2024","2","낙동강","창녕합천보(낙동고령)","금포천","C"
"2024","2","낙동강","창녕합천보(낙동고령)","고령","D"
"2024","2","낙동강","창녕합천보(낙동고령)","현풍","E"
"2024","2","낙동강","창녕합천보(낙동고령)","대산천(창녕)","A"
"2024","2","낙동강","창녕합천보(낙동고령)","차천-1","B"
"2024","2","낙동강","창녕합천보(낙동고령)","도동리","D"
"2024","2","낙동강","창녕합천보(낙동고령)","대암리","B"
"2024","2","낙동강","창녕합천보(낙동고령)","덕곡천(합천)","B"
"2024","2","낙동강","창녕합천보(낙동고령)","창녕","D"
"2024","2","낙동강","합천댐","계수천","B"
"2024","2","낙동강","합천댐","동변천","B"
"2024","2","낙동강","합천댐","분계천","A"
"2024","2","낙동강","합천댐","거창위천-2","A"
"2024","2","낙동강","합천댐","하고천(거창)","B"
"2024","2","낙동강","합천댐","대곡천(거창)","A"
"2024","2","낙동강","합천댐","무촌천","C"
"2024","2","낙동강","합천댐","황강2","C"
"2024","2","낙동강","합천댐","가천-1","A"
"2024","2","낙동강","합천댐","우가천","A"
"2024","2","낙동강","합천댐","마상천","B"
"2024","2","낙동강","합천댐","지산천1","A"
"2024","2","낙동강","합천댐","가천1","C"
"2024","2","낙동강","합천댐","지곡천(합천)","A"
"2024","2","낙동강","합천댐","청수천","A"
"2024","2","낙동강","합천댐","사천천-1(거창)","A"
"2024","2","낙동강","합천댐","유전천","A"
"2024","2","낙동강","황강","금성천(합천)","C"
"2024","2","낙동강","황강","황계천1","A"
"2024","2","낙동강","황강","합천천1","B"
"2024","2","낙동강","황강","합천천2","E"
"2024","2","낙동강","황강","율곡천(합천)","D"
"2024","2","낙동강","황강","사양천","B"
"2024","2","낙동강","황강","산내천(합천)","B"
"2024","2","낙동강","황강","황강6","A"
"2024","2","낙동강","낙동창녕","합천","C"
"2024","2","낙동강","낙동창녕","합천1","D"
"2024","2","낙동강","낙동창녕","중대천(창녕)","C"
"2024","2","낙동강","낙동창녕","퇴산천","D"
"2024","2","낙동강","낙동창녕","초곡천(창녕)","D"
"2024","2","낙동강","낙동창녕","지혜천","B"
"2024","2","낙동강","낙동창녕","다현천","B"
"2024","2","낙동강","낙동창녕","유곡천2","B"
"2024","2","낙동강","낙동창녕","신반천-3","B"
"2024","2","낙동강","낙동창녕","전화천","D"
"2024","2","낙동강","낙동창녕","용산","D"
"2024","2","낙동강","낙동창녕","칠곡천","C"
"2024","2","낙동강","남강댐","남강-1","B"
"2024","2","낙동강","남강댐","남강-3","A"
"2024","2","낙동강","남강댐","백운천(함양)","A"
"2024","2","낙동강","남강댐","죽곡천(함양)","A"
"2024","2","낙동강","남강댐","함양위천2","B"
"2024","2","낙동강","남강댐","도북천","B"
"2024","2","낙동강","남강댐","남강-4","B"
"2024","2","낙동강","남강댐","람천-2","A"
"2024","2","낙동강","남강댐","만수천(남원)","A"
"2024","2","낙동강","남강댐","덕전천","A"
"2024","2","낙동강","남강댐","오봉천","C"
"2024","2","낙동강","남강댐","서주천","B"
"2024","2","낙동강","남강댐","초곡천2","A"
"2024","2","낙동강","남강댐","생초천","A"
"2024","2","낙동강","남강댐","특리천","B"
"2024","2","낙동강","남강댐","금서천","A"
"2024","2","낙동강","남강댐","남강-6","B"
"2024","2","낙동강","남강댐","갈전천","B"
"2024","2","낙동강","남강댐","양천-1","A"
"2024","2","낙동강","남강댐","신전천","C"
"2024","2","낙동강","남강댐","하판천","C"
"2024","2","낙동강","남강댐","양천1","C"
"2024","2","낙동강","남강댐","천곡천","C"
"2024","2","낙동강","남강댐","양천1-1","C"
"2024","2","낙동강","남강댐","양천1-2","D"
"2024","2","낙동강","남강댐","가회천","C"
"2024","2","낙동강","남강댐","상법천","B"
"2024","2","낙동강","남강댐","율현천","B"
"2024","2","낙동강","남강댐","신등천2","B"
"2024","2","낙동강","남강댐","경호강2","C"
"2024","2","낙동강","남강댐","남사천1","A"
"2024","2","낙동강","남강댐","오미천(진주)","C"
"2024","2","낙동강","남강댐","덕천강-3","A"
"2024","2","낙동강","남강댐","덕천강1","B"
"2024","2","낙동강","남강댐","시천천2","A"
"2024","2","낙동강","남강댐","백운천","A"
"2024","2","낙동강","남강댐","호계천(하동)","A"
"2024","2","낙동강","남강댐","북방천","B"
"2024","2","낙동강","남강댐","덕천강5","D"
"2024","2","낙동강","남강","판문천","C"
"2024","2","낙동강","남강","나불천1","A"
"2024","2","낙동강","남강","나불천2","C"
"2024","2","낙동강","남강","나불천3","C"
"2024","2","낙동강","남강","영오천1","B"
"2024","2","낙동강","남강","영오천2","C"
"2024","2","낙동강","남강","영천강1-1","B"
"2024","2","낙동강","남강","용아천","B"
"2024","2","낙동강","남강","남강3","B"
"2024","2","낙동강","남강","정수천","C"
"2024","2","낙동강","남강","지내천2(진주)","D"
"2024","2","낙동강","남강","향양천","B"
"2024","2","낙동강","남강","대곡천(진주)","C"
"2024","2","낙동강","남강","장안천(진주)","C"
"2024","2","낙동강","남강","대천(진주)","B"
"2024","2","낙동강","남강","반성천2","B"
"2024","2","낙동강","남강","상정천","C"
"2024","2","낙동강","남강","의령천-1","B"
"2024","2","낙동강","남강","의령천-2","C"
"2024","2","낙동강","남강","의령천","D"
"2024","2","낙동강","남강","남산천(의령)","C"
"2024","2","낙동강","남강","모로천","B"
"2024","2","낙동강","남강","검암천(함안)","B"
"2024","2","낙동강","남강","신음천","D"
"2024","2","낙동강","남강","함안천2","C"
"2024","2","낙동강","남강","대사천","D"
"2024","2","낙동강","남강","남강7","D"
"2024","2","낙동강","낙동밀양","남지","D"
"2024","2","낙동강","낙동밀양","관곡천","D"
"2024","2","낙동강","낙동밀양","덕곡천(창녕)","C"
"2024","2","낙동강","낙동밀양","광려천2","C"
"2024","2","낙동강","낙동밀양","칠원천","C"
"2024","2","낙동강","낙동밀양","검단천(함안)","D"
"2024","2","낙동강","낙동밀양","이령천","C"
"2024","2","낙동강","낙동밀양","임해진-1","D"
"2024","2","낙동강","낙동밀양","온정천","B"
"2024","2","낙동강","낙동밀양","조천천","C"
"2024","2","낙동강","낙동밀양","요고천","B"
"2024","2","낙동강","낙동밀양","삼태천","B"
"2024","2","낙동강","낙동밀양","수다천","C"
"2024","2","낙동강","낙동밀양","하남","D"
"2024","2","낙동강","낙동밀양","수산천(밀양)","E"
"2024","2","낙동강","낙동밀양","중앙천","C"
"2024","2","낙동강","낙동밀양","고모천","D"
"2024","2","낙동강","낙동밀양","화포천-1","D"
"2024","2","낙동강","낙동밀양","화포천","E"
"2024","2","낙동강","낙동밀양","삼랑진2","D"
"2024","2","낙동강","밀양강","동창천-1","A"
"2024","2","낙동강","밀양강","동창천-2","A"
"2024","2","낙동강","밀양강","직현천","A"
"2024","2","낙동강","밀양강","신원천(청도)","A"
"2024","2","낙동강","밀양강","부일천1","A"
"2024","2","낙동강","밀양강","고정천-1","C"
"2024","2","낙동강","밀양강","청도천-1(청도)","A"
"2024","2","낙동강","밀양강","부곡천","B"
"2024","2","낙동강","밀양강","금혁천","E"
"2024","2","낙동강","밀양강","다로천","C"
"2024","2","낙동강","밀양강","용포천","B"
"2024","2","낙동강","밀양강","원서천(밀양)","B"
"2024","2","낙동강","밀양강","단장천6","B"
"2024","2","낙동강","밀양강","제대천","B"
"2024","2","낙동강","밀양강","밀양강4","C"
"2024","2","낙동강","낙동강하구언","미전천","C"
"2024","2","낙동강","낙동강하구언","여차천","C"
"2024","2","낙동강","낙동강하구언","화제천","D"
"2024","2","낙동강","낙동강하구언","물금","D"
"2024","2","낙동강","낙동강하구언","상리천","A"
"2024","2","낙동강","낙동강하구언","내석천","A"
"2024","2","낙동강","낙동강하구언","금산천(양산)","B"
"2024","2","낙동강","낙동강하구언","대천천(화명)","D"
"2024","2","낙동강","낙동강하구언","구포","B"
"2024","2","낙동강","낙동강하구언","조만강2","C"
"2024","2","낙동강","낙동강하구언","호계천(김해)","C"
"2024","2","낙동강","낙동강하구언","지사천","D"
"2024","2","낙동강","형산강","형산강1-1","B"
"2024","2","낙동강","형산강","화곡천(경주)","B"
"2024","2","낙동강","형산강","대천1","B"
"2024","2","낙동강","형산강","북천2(경주)","D"
"2024","2","낙동강","형산강","칠평천1","A"
"2024","2","낙동강","형산강","기계천1","B"
"2024","2","낙동강","형산강","형산강5","B"
"2024","2","낙동강","태화강","태화강1","B"
"2024","2","낙동강","태화강","대암","B"
"2024","2","낙동강","태화강","연화천(울주)","A"
"2024","2","낙동강","태화강","구량천","B"
"2024","2","낙동강","태화강","반곡천","A"
"2024","2","낙동강","태화강","두산천","B"
"2024","2","낙동강","태화강","학성","B"
"2024","2","낙동강","태화강","동천-2","B"
"2024","2","낙동강","태화강","성안천","B"
"2024","2","낙동강","태화강","약사천","D"
"2024","2","낙동강","회야강","청량천(울주)","C"
"2024","2","낙동강","회야강","회야강-1","B"
"2024","2","낙동강","회야강","대복천","B"
"2024","2","낙동강","회야강","회야강3","C"
"2024","2","낙동강","회야강","대운천","A"
"2024","2","낙동강","수영강","덕선천","B"
"2024","2","낙동강","수영강","동백천","C"
"2024","2","낙동강","수영강","죽성천","D"
"2024","2","낙동강","수영강","철마천","A"
"2024","2","낙동강","수영강","온천천","E"
"2024","2","낙동강","수영강","수영강-1","D"
"2024","2","낙동강","수영강","수영강5","D"
"2024","2","낙동강","수영강","괴정천","D"
"2024","2","낙동강","왕피천","박금천","A"
"2024","2","낙동강","왕피천","신원천(영양)","A"
"2024","2","낙동강","왕피천","신암천","A"
"2024","2","낙동강","왕피천","광천2(울진)","A"
"2024","2","낙동강","왕피천","왕피천","A"
"2024","2","낙동강","왕피천","척산천","A"
"2024","2","낙동강","왕피천","울령천1","A"
"2024","2","낙동강","왕피천","남천(영덕)","E"
"2024","2","낙동강","영덕오십천","신안천(영덕)","A"
"2024","2","낙동강","영덕오십천","대서천","B"
"2024","2","낙동강","영덕오십천","영덕오십천3","B"
"2024","2","낙동강","영덕오십천","영덕","C"
"2024","2","낙동강","영덕오십천","청하천(포항)","B"
"2024","2","낙동강","영덕오십천","신광천(포항)","A"
"2024","2","낙동강","영덕오십천","초곡천(포항)","D"
"2024","2","낙동강","대종천","대종천","A"
"2024","2","낙동강","대종천","하서천","D"
"2024","2","낙동강","가화천","곤양천","A"
"2024","2","낙동강","가화천","가화천","D"
"2024","2","낙동강","가화천","사천천-1(사천)","B"
"2024","2","영산강","남해도","남해봉천","B"
"2024","2","낙동강","거제도","연초천2","B"
"2024","2","낙동강","낙동강남해","진전천","A"
"2024","2","낙동강","낙동강남해","완암천","C"
"2024","2","낙동강","낙동강남해","내동천(창원)","D"
"2024","2","금강","용담댐","가막-2","B"
"2024","2","금강","용담댐","장계천1","B"
"2024","2","금강","용담댐","가막-4","B"
"2024","2","금강","용담댐","가막","B"
"2024","2","금강","용담댐","명천2","A"
"2024","2","금강","용담댐","구량천2","A"
"2024","2","금강","용담댐","상림천","B"
"2024","2","금강","용담댐","진안천1","C"
"2024","2","금강","용담댐","황금천","A"
"2024","2","금강","용담댐하류","방화천","B"
"2024","2","금강","용담댐하류","삼유천","A"
"2024","2","금강","용담댐하류","용포","A"
"2024","2","금강","무주남대천","무주남대천-2","A"
"2024","2","금강","무주남대천","원당천3","A"
"2024","2","금강","무주남대천","용화천(영동)","A"
"2024","2","금강","무주남대천","상곡천1","A"
"2024","2","금강","무주남대천","소퇴천","A"
"2024","2","금강","무주남대천","무주남대천2","A"
"2024","2","금강","영동천","용포1","A"
"2024","2","금강","영동천","봉황천-1","A"
"2024","2","금강","영동천","보석천","B"
"2024","2","금강","영동천","금산천1(금산)","D"
"2024","2","금강","영동천","기사천1","D"
"2024","2","금강","영동천","기사천2","E"
"2024","2","금강","영동천","호탄천","D"
"2024","2","금강","영동천","제원2","B"
"2024","2","금강","영동천","영동","D"
"2024","2","금강","영동천","삼봉천(영동)","C"
"2024","2","금강","초강","고자천","B"
"2024","2","금강","초강","어촌천","B"
"2024","2","금강","초강","금계천-1(상주)","B"
"2024","2","금강","초강","금계천-2(상주)","B"
"2024","2","금강","초강","서송원천","B"
"2024","2","금강","초강","봉현천","C"
"2024","2","금강","초강","법화천","C"
"2024","2","금강","초강","초강2","B"
"2024","2","금강","대청댐상류","이원천","C"
"2024","2","금강","대청댐상류","옥천","B"
"2024","2","금강","대청댐상류","우산","A"
"2024","2","금강","보청천","보청천1-1","B"
"2024","2","금강","보청천","항건천1","B"
"2024","2","금강","보청천","보청천2-2","C"
"2024","2","금강","보청천","한중천","C"
"2024","2","금강","보청천","보청천3-2","C"
"2024","2","금강","보청천","보청천3-3","B"
"2024","2","금강","대청댐","추풍천-1","D"
"2024","2","금강","대청댐","상곡천-1","C"
"2024","2","금강","대청댐","소옥천2","E"
"2024","2","금강","대청댐","회인천-1","C"
"2024","2","금강","대청댐","대청댐","E"
"2024","2","금강","대청댐","현도-1","D"
"2024","2","금강","갑천","갑천-2","B"
"2024","2","금강","갑천","갑천-1","A"
"2024","2","금강","갑천","화산천(유성)","C"
"2024","2","금강","갑천","유성천1","C"
"2024","2","금강","갑천","유성천2","D"
"2024","2","금강","갑천","삼가천(금산)","C"
"2024","2","금강","갑천","유등천-2","B"
"2024","2","금강","갑천","대전천-1","C"
"2024","2","금강","갑천","관평천(유성)","B"
"2024","2","금강","갑천","갑천5-1","C"
"2024","2","금강","대청댐하류","부강","C"
"2024","2","금강","대청댐하류","백천-1(연동)","C"
"2024","2","금강","미호천","성산천(음성)","E"
"2024","2","금강","미호천","구암천(진천)","D"
"2024","2","금강","미호천","미호강2-1","D"
"2024","2","금강","미호천","한천1(진천)","B"
"2024","2","금강","미호천","보강천3","B"
"2024","2","금강","미호천","성암천1","C"
"2024","2","금강","미호천","석화천2","C"
"2024","2","금강","미호천","병천천-1","C"
"2024","2","금강","미호천","병천천-2","E"
"2024","2","금강","미호천","승천천","C"
"2024","2","금강","미호천","용두천1","C"
"2024","2","금강","미호천","미호강9-1","D"
"2024","2","금강","미호천","미호강10","C"
"2024","2","금강","금강공주","부강1","B"
"2024","2","금강","금강공주","부강2","B"
"2024","2","금강","금강공주","제천","D"
"2024","2","금강","금강공주","연기","B"
"2024","2","금강","금강공주","대교천3","B"
"2024","2","금강","금강공주","금남","B"
"2024","2","금강","금강공주","세종1-1","B"
"2024","2","금강","금강공주","혈저천","B"
"2024","2","금강","금강공주","고성천(공주)","B"
"2024","2","금강","금강공주","평정천","B"
"2024","2","금강","금강공주","청룡천(공주)","C"
"2024","2","금강","금강공주","반촌천","D"
"2024","2","금강","금강공주","공주1","A"
"2024","2","금강","금강공주","제민천","B"
"2024","2","금강","금강공주","금강1","C"
"2024","2","금강","금강공주","유구천-1","A"
"2024","2","금강","금강공주","대룡천","A"
"2024","2","금강","금강공주","마곡천1","B"
"2024","2","금강","금강공주","마곡천2","A"
"2024","2","금강","금강공주","검상천","B"
"2024","2","금강","금강공주","용성천2","C"
"2024","2","금강","금강공주","본의천","B"
"2024","2","금강","금강공주","목면","D"
"2024","2","금강","금강공주","치성천1","C"
"2024","2","금강","금강공주","운곡천(탄천)","C"
"2024","2","금강","금강공주","금강2","C"
"2024","2","금강","금강공주","잉화달천1","C"
"2024","2","금강","금강공주","잉화달천2","C"
"2024","2","금강","금강공주","대치천(청양)","A"
"2024","2","금강","금강공주","장승천","B"
"2024","2","금강","금강공주","지천-3","E"
"2024","2","금강","금강공주","흥산천","D"
"2024","2","금강","금강공주","구룡천2(청양)","D"
"2024","2","금강","금강공주","온직천","B"
"2024","2","금강","금강공주","지천-5","A"
"2024","2","금강","금강공주","화산천(청양)","B"
"2024","2","금강","금강공주","낙지천1","B"
"2024","2","금강","금강공주","아산천(청양)","B"
"2024","2","금강","금강공주","정동","D"
"2024","2","금강","금강공주","가증천1","D"
"2024","2","금강","금강공주","가증천2","D"
"2024","2","금강","금강공주","부여1","E"
"2024","2","금강","금강공주","일광천(부여)","D"
"2024","2","금강","금강공주","왕포천1","D"
"2024","2","금강","금강공주","교원천","D"
"2024","2","금강","금강공주","구룡천1(부여)","D"
"2024","2","금강","금강공주","구룡천2(부여)","D"
"2024","2","금강","금강공주","화수천","E"
"2024","2","금강","금강공주","노티천","E"
"2024","2","금강","금강공주","덕포천","E"
"2024","2","금강","금강공주","증산천1","E"
"2024","2","금강","금강공주","증산천2","E"
"2024","2","금강","금강공주","석성천4","E"
"2024","2","금강","금강공주","성동","E"
"2024","2","금강","논산천","장선천2","B"
"2024","2","금강","논산천","양촌천(논산)","C"
"2024","2","금강","논산천","입촌천","D"
"2024","2","금강","논산천","논산천1-2","C"
"2024","2","금강","논산천","명암천","D"
"2024","2","금강","논산천","논산천2-1","C"
"2024","2","금강","논산천","주천","E"
"2024","2","금강","논산천","연산천1","C"
"2024","2","금강","논산천","연산천3","E"
"2024","2","금강","논산천","연산천4","E"
"2024","2","금강","논산천","논산천4","E"
"2024","2","금강","논산천","강경천-1","C"
"2024","2","금강","논산천","신양천","E"
"2024","2","금강","논산천","황화천","C"
"2024","2","금강","논산천","마산천-2(논산)","E"
"2024","2","금강","금강하구언","사동천","E"
"2024","2","금강","금강하구언","나암천","D"
"2024","2","금강","금강하구언","대조천","E"
"2024","2","금강","금강하구언","산북천1","E"
"2024","2","금강","금강하구언","임천천(부여)","E"
"2024","2","금강","금강하구언","입포천","E"
"2024","2","금강","금강하구언","양화","E"
"2024","2","금강","금강하구언","여사천","D"
"2024","2","금강","금강하구언","단상천","E"
"2024","2","금강","금강하구언","도마천(서천)","E"
"2024","2","금강","금강하구언","길산천3","E"
"2024","2","금강","삽교천","상송천","D"
"2024","2","금강","삽교천","장성천(홍성)","E"
"2024","2","금강","삽교천","삽교천-2","C"
"2024","2","금강","삽교천","삽교천-3","D"
"2024","2","금강","삽교천","덕산천1","B"
"2024","2","금강","삽교천","효교천","E"
"2024","2","금강","삽교천","대천천1","E"
"2024","2","금강","삽교천","대천천2","D"
"2024","2","금강","삽교천","삽교천3","E"
"2024","2","금강","삽교천","무한천-1","B"
"2024","2","금강","삽교천","강촌천(청양)","C"
"2024","2","금강","삽교천","시목천","D"
"2024","2","금강","삽교천","장전천","D"
"2024","2","금강","삽교천","광암천(청양)","C"
"2024","2","금강","삽교천","만사천","A"
"2024","2","금강","삽교천","달천","A"
"2024","2","금강","삽교천","화산천1","C"
"2024","2","금강","삽교천","화산천2","C"
"2024","2","금강","삽교천","탄방천","C"
"2024","2","금강","삽교천","무한천3","E"
"2024","2","금강","삽교천","곡교천-1","D"
"2024","2","금강","삽교천","풍서천","C"
"2024","2","금강","삽교천","곡교천1-1","D"
"2024","2","금강","삽교천","곡교천1-2","D"
"2024","2","금강","삽교천","외암천","B"
"2024","2","금강","삽교천","온양천2","D"
"2024","2","금강","삽교천","음봉천","E"
"2024","2","금강","삽교천","곡교천2","D"
"2024","2","금강","삽교천","신창천","D"
"2024","2","금강","삽교천","남원천-1","C"
"2024","2","금강","삽교천","공포천","D"
"2024","2","금강","삽교천","삽교천5","D"
"2024","2","금강","대호방조제","초대천","D"
"2024","2","금강","대호방조제","검암천(당진)","C"
"2024","2","금강","대호방조제","당진천1-1","C"
"2024","2","금강","대호방조제","당진천2","D"
"2024","2","금강","부남방조제","신장천","E"
"2024","2","금강","부남방조제","간월호1","E"
"2024","2","금강","금강서해","교성천","D"
"2024","2","금강","금강서해","황룡천","E"
"2024","2","금강","금강서해","웅천천2","E"
"2024","2","금강","만경강","수만천","A"
"2024","2","금강","만경강","시랑천","A"
"2024","2","금강","만경강","대치천(완주)","B"
"2024","2","금강","만경강","수락천(완주)","C"
"2024","2","금강","만경강","구룡천1(완주)","A"
"2024","2","금강","만경강","용학천","B"
"2024","2","금강","만경강","천호천","C"
"2024","2","금강","만경강","만경강3","A"
"2024","2","금강","만경강","오도천(완주)","A"
"2024","2","금강","만경강","소양천1-1","A"
"2024","2","금강","만경강","봉서천(완주)","B"
"2024","2","금강","만경강","전주","A"
"2024","2","금강","만경강","전주천-1","A"
"2024","2","금강","만경강","전주천1-2","B"
"2024","2","금강","만경강","삼천-1","B"
"2024","2","금강","만경강","독배천","A"
"2024","2","금강","만경강","삼천1-1","B"
"2024","2","금강","만경강","금학천(전주)","D"
"2024","2","금강","만경강","전주천8","C"
"2024","2","금강","만경강","석탑천(완주)","D"
"2024","2","금강","만경강","조촌천","E"
"2024","2","금강","만경강","부상천","E"
"2024","2","금강","만경강","마산천-1(완주)","E"
"2024","2","금강","만경강","마산천","D"
"2024","2","금강","만경강","김제","C"
"2024","2","금강","만경강","용암천1","E"
"2024","2","금강","만경강","탑천-1","D"
"2024","2","금강","동진강","평사리천","A"
"2024","2","금강","동진강","축현천","C"
"2024","2","금강","동진강","용호천-2","D"
"2024","2","금강","동진강","용산천(정읍)","B"
"2024","2","금강","동진강","용우천","D"
"2024","2","금강","동진강","한교천2","D"
"2024","2","금강","동진강","동진강3","D"
"2024","2","금강","동진강","고부천-2","E"
"2024","2","금강","동진강","만수천(정읍)","E"
"2024","2","금강","동진강","하장천","D"
"2024","2","금강","동진강","유각천","C"
"2024","2","금강","동진강","금구천(김제)","D"
"2024","2","금강","동진강","감곡천","D"
"2024","2","금강","새만금(직소천)","백천-1(부안)","B"
"2024","2","금강","새만금(직소천)","직소천2","D"
"2024","2","금강","새만금(직소천)","주상천2","D"
"2024","2","금강","새만금(직소천)","영은천","E"
"2024","2","영산강","섬진강댐","상표천","B"
"2024","2","영산강","섬진강댐","은천","A"
"2024","2","영산강","섬진강댐","정곡천(진안)","C"
"2024","2","영산강","섬진강댐","세동천3","B"
"2024","2","영산강","섬진강댐","외궁천","B"
"2024","2","영산강","섬진강댐","회초천","A"
"2024","2","영산강","섬진강댐","임실천1","D"
"2024","2","영산강","섬진강댐","지장천","B"
"2024","2","영산강","섬진강댐","운암","E"
"2024","2","영산강","섬진강댐","제목천","A"
"2024","2","영산강","섬진강댐","점기천","C"
"2024","2","영산강","섬진강댐","대가천","B"
"2024","2","영산강","섬진강댐","갈월천","A"
"2024","2","영산강","섬진강댐","추령천-3","A"
"2024","2","영산강","섬진강댐","추령천2","B"
"2024","2","영산강","섬진강댐하류","갈담천1","A"
"2024","2","영산강","섬진강댐하류","이윤천","A"
"2024","2","영산강","섬진강댐하류","임실1","B"
"2024","2","영산강","섬진강댐하류","금창천","A"
"2024","2","영산강","섬진강댐하류","석산","C"
"2024","2","영산강","오수천","오수천-1","B"
"2024","2","영산강","오수천","초장천","C"
"2024","2","영산강","오수천","오수천1-2","A"
"2024","2","영산강","오수천","둔남천1","C"
"2024","2","영산강","오수천","삼봉천(임실)","B"
"2024","2","영산강","오수천","오수천1-3","B"
"2024","2","영산강","오수천","괴양천","C"
"2024","2","영산강","오수천","매내천","D"
"2024","2","영산강","오수천","율천1","C"
"2024","2","영산강","오수천","호암천","C"
"2024","2","영산강","오수천","유천(임실)","C"
"2024","2","영산강","오수천","오동천(순창)","B"
"2024","2","영산강","오수천","오수천2","B"
"2024","2","영산강","순창","적성","C"
"2024","2","영산강","순창","심초천","B"
"2024","2","영산강","순창","경천1","D"
"2024","2","영산강","순창","양지천(순창)","C"
"2024","2","영산강","순창","월천","B"
"2024","2","영산강","순창","우곡천(순창)","C"
"2024","2","영산강","순창","단서천","B"
"2024","2","영산강","순창","삼기천1","B"
"2024","2","영산강","순창","송강천(곡성)","B"
"2024","2","영산강","순창","창정천","E"
"2024","2","영산강","순창","송대천","B"
"2024","2","영산강","순창","남원","C"
"2024","2","영산강","요천","용림천","A"
"2024","2","영산강","요천","유정천(장수)","A"
"2024","2","영산강","요천","대상천","A"
"2024","2","영산강","요천","갈치천","B"
"2024","2","영산강","요천","백암천","B"
"2024","2","영산강","요천","요천1-4","A"
"2024","2","영산강","요천","옥률천1","B"
"2024","2","영산강","요천","요천1-5","A"
"2024","2","영산강","요천","대곡천(남원)","B"
"2024","2","영산강","요천","요천3","D"
"2024","2","영산강","섬진곡성","수지천2","C"
"2024","2","영산강","섬진곡성","뇌죽천","E"
"2024","2","영산강","섬진곡성","곡성천1","C"
"2024","2","영산강","섬진곡성","곡성천2","C"
"2024","2","영산강","섬진곡성","오곡천1","B"
"2024","2","영산강","섬진곡성","두가천","B"
"2024","2","영산강","섬진곡성","곡성","B"
"2024","2","영산강","주암댐","보성강-1","C"
"2024","2","영산강","주암댐","대산천(보성)","B"
"2024","2","영산강","주암댐","석교천(장흥)","D"
"2024","2","영산강","주암댐","장평천(장흥)","C"
"2024","2","영산강","주암댐","임천천(장흥)","B"
"2024","2","영산강","주암댐","대련천","B"
"2024","2","영산강","주암댐","노동천(보성)","D"
"2024","2","영산강","주암댐","봉화천","B"
"2024","2","영산강","주암댐","겸백천","B"
"2024","2","영산강","주암댐","보성강4","A"
"2024","2","영산강","주암댐","복내천1","A"
"2024","2","영산강","주암댐","일봉천","C"
"2024","2","영산강","주암댐","동복천-1","B"
"2024","2","영산강","주암댐","남천-1","B"
"2024","2","영산강","주암댐","수리천(화순)",""
"2024","2","영산강","주암댐","이서천1","B"
"2024","2","영산강","주암댐","이서천2","C"
"2024","2","영산강","주암댐","가수천1","B"
"2024","2","영산강","주암댐","가수천2","C"
"2024","2","영산강","주암댐","외남천1","A"
"2024","2","영산강","주암댐","대곡천(화순)","B"
"2024","2","영산강","주암댐","송암천","B"
"2024","2","영산강","주암댐","동복천4","C"
"2024","2","영산강","주암댐","송광천1","C"
"2024","2","영산강","주암댐","송광천2","B"
"2024","2","영산강","주암댐","보성강4-1","B"
"2024","2","영산강","보성강","보성강5","C"
"2024","2","영산강","보성강","주암천1","C"
"2024","2","영산강","보성강","용촌천","B"
"2024","2","영산강","보성강","백록천(곡성)","D"
"2024","2","영산강","보성강","온수천(곡성)","C"
"2024","2","영산강","보성강","당월천","C"
"2024","2","영산강","보성강","목사동천1","C"
"2024","2","영산강","보성강","목사동천2","C"
"2024","2","영산강","보성강","죽곡천(곡성)","B"
"2024","2","영산강","보성강","고치천","A"
"2024","2","영산강","보성강","보성강7","A"
"2024","2","영산강","섬진강하류","봉두천","B"
"2024","2","영산강","섬진강하류","계월천(순천)","B"
"2024","2","영산강","섬진강하류","월용천","A"
"2024","2","영산강","섬진강하류","봉덕천","B"
"2024","2","영산강","섬진강하류","산정천(구례)","C"
"2024","2","영산강","섬진강하류","대두천","B"
"2024","2","영산강","섬진강하류","무은천","B"
"2024","2","영산강","섬진강하류","신도천","B"
"2024","2","영산강","섬진강하류","마산천1","A"
"2024","2","영산강","섬진강하류","마산천2","A"
"2024","2","영산강","섬진강하류","토지천","A"
"2024","2","영산강","섬진강하류","간문천1","A"
"2024","2","영산강","섬진강하류","구례","C"
"2024","2","영산강","섬진강하류","흥대천","B"
"2024","2","영산강","섬진강하류","내서천1","A"
"2024","2","영산강","섬진강하류","화개천1","A"
"2024","2","영산강","섬진강하류","화개천3","B"
"2024","2","영산강","섬진강하류","신기천(하동)","A"
"2024","2","영산강","섬진강하류","악양천2","B"
"2024","2","영산강","섬진강하류","하동","D"
"2024","2","영산강","섬진강하류","여의천(하동)","A"
"2024","2","영산강","섬진강하류","강화천","B"
"2024","2","영산강","섬진강하류","통정천","B"
"2024","2","영산강","섬진강하류","지례천","B"
"2024","2","영산강","섬진강하류","진정천","C"
"2024","2","영산강","섬진강하류","진월","E"
"2024","2","영산강","섬진강서남해","강진천1","C"
"2024","2","영산강","섬진강서남해","장계천(강진)","B"
"2024","2","영산강","섬진강서남해","고읍천(장흥)","B"
"2024","2","영산강","섬진강서남해","사정천","C"
"2024","2","영산강","완도","군외천","A"
"2024","2","영산강","금산면","오천천","C"
"2024","2","영산강","금산면","신평천(고흥)","A"
"2024","2","영산강","이사천","쌍암천","B"
"2024","2","영산강","이사천","평곡천","B"
"2024","2","영산강","이사천","해룡천(순천)","D"
"2024","2","영산강","이사천","순천동천4","B"
"2024","2","영산강","수어천","광양서천-1","A"
"2024","2","영산강","수어천","광양동천2","A"
"2024","2","영산강","수어천","수어천2","D"
"2024","2","영산강","여수시","돌산천","C"
"2024","2","영산강","영산강상류","금성천(담양)","B"
"2024","2","영산강","영산강상류","담양","A"
"2024","2","영산강","영산강상류","월산천(담양)","C"
"2024","2","영산강","영산강상류","용천2","B"
"2024","2","영산강","영산강상류","담양1","C"
"2024","2","영산강","영산강상류","석곡천1","B"
"2024","2","영산강","영산강상류","삼천천","A"
"2024","2","영산강","영산강상류","증암천3","D"
"2024","2","영산강","영산강상류","우치","E"
"2024","2","영산강","영산강상류","진원천","D"
"2024","2","영산강","영산강상류","평산천","D"
"2024","2","영산강","영산강상류","장수천(광산)","C"
"2024","2","영산강","영산강상류","광주1","D"
"2024","2","영산강","영산강상류","광주2","A"
"2024","2","영산강","영산강상류","서창천","D"
"2024","2","영산강","영산강상류","광주3","E"
"2024","2","영산강","황룡강","황룡강-1","A"
"2024","2","영산강","황룡강","모현천","B"
"2024","2","영산강","황룡강","북일천","C"
"2024","2","영산강","황룡강","서삼천","A"
"2024","2","영산강","황룡강","취암천1","B"
"2024","2","영산강","황룡강","취암천2","B"
"2024","2","영산강","황룡강","동화천(청양)","D"
"2024","2","영산강","황룡강","황룡강3-1","B"
"2024","2","영산강","황룡강","평림천-1","B"
"2024","2","영산강","황룡강","침천","B"
"2024","2","영산강","황룡강","운수천","C"
"2024","2","영산강","황룡강","황룡강5","B"
"2024","2","영산강","영산강중류(죽산보)","화장","D"
"2024","2","영산강","영산강중류(죽산보)","광산1","D"
"2024","2","영산강","영산강중류(죽산보)","장성천3","C"
"2024","2","영산강","영산강중류(죽산보)","나주","D"
"2024","2","영산강","영산강중류(죽산보)","나주1","D"
"2024","2","영산강","영산강중류(죽산보)","만봉천-1","C"
"2024","2","영산강","영산강중류(죽산보)","나주2","D"
"2024","2","영산강","영산강중류(죽산보)","문평천","E"
"2024","2","영산강","영산강중류(죽산보)","죽산","D"
"2024","2","영산강","영산강중류(죽산보)","영산포2","D"
"2024","2","영산강","지석천","쌍봉사천","B"
"2024","2","영산강","지석천","활용천","B"
"2024","2","영산강","지석천","차천(화순)","B"
"2024","2","영산강","지석천","대비천(화순)","B"
"2024","2","영산강","지석천","오유천","B"
"2024","2","영산강","지석천","송석천2","B"
"2024","2","영산강","지석천","지석천-3","B"
"2024","2","영산강","지석천","광대천","B"
"2024","2","영산강","지석천","결우천","B"
"2024","2","영산강","지석천","화순천-1","B"
"2024","2","영산강","지석천","화순천-2","B"
"2024","2","영산강","지석천","벌고천","D"
"2024","2","영산강","지석천","지석천1-1","B"
"2024","2","영산강","지석천","유곡천(화순)","B"
"2024","2","영산강","지석천","봉학천","B"
"2024","2","영산강","지석천","궁원천","B"
"2024","2","영산강","지석천","대초천3","C"
"2024","2","영산강","지석천","송학천","B"
"2024","2","영산강","지석천","수춘천","C"
"2024","2","영산강","지석천","지석천5","B"
"2024","2","영산강","고막원천","고막원천-1","C"
"2024","2","영산강","고막원천","삼서천","D"
"2024","2","영산강","고막원천","고막원천1-2","D"
"2024","2","영산강","고막원천","해보천1","B"
"2024","2","영산강","고막원천","해보천2","B"
"2024","2","영산강","고막원천","고막원천2-1","C"
"2024","2","영산강","고막원천","평능천","B"
"2024","2","영산강","고막원천","안국천","C"
"2024","2","영산강","고막원천","고막원천4","E"
"2024","2","영산강","영산강하류","함평천-1","D"
"2024","2","영산강","영산강하류","학교천","E"
"2024","2","영산강","영산강하류","무안천1","D"
"2024","2","영산강","영산강하류","대치천(무안)","D"
"2024","2","영산강","영산강하류","무안1","E"
"2024","2","영산강","영산강하류","삼포천-1","E"
"2024","2","영산강","영산강하류","금곡천(나주)","D"
"2024","2","영산강","영산강하류","성남천","E"
"2024","2","영산강","영암천","영암천-1","E"
"2024","2","영산강","영암천","회문천","E"
"2024","2","영산강","영암천","영암천1","E"
"2024","2","영산강","영암천","영암천1-1","D"
"2024","2","영산강","영암천","학산천1","B"
"2024","2","영산강","영암천","군서천(영암)","C"
"2024","2","영산강","영산강하구언","망월천","C"
"2024","2","영산강","영산강하구언","무안2","D"
"2024","2","영산강","탐진강","운월천","A"
"2024","2","영산강","탐진강","탐진강2-1","B"
"2024","2","영산강","탐진강","탐진강2-2","B"
"2024","2","영산강","탐진강","옴천천4","D"
"2024","2","영산강","탐진강","월곡천","B"
"2024","2","영산강","탐진강","부동천1","E"
"2024","2","영산강","탐진강","평화천","D"
"2024","2","영산강","탐진강","금강천-2","B"
"2024","2","영산강","탐진강","금강천-3","B"
"2024","2","영산강","탐진강","탐진강4-1","B"
"2024","2","영산강","탐진강","탐진강5","B"
"2024","2","영산강","진도","석교천","D"
"2024","2","영산강","영암방조제","영암호","A"
"2024","2","영산강","영암방조제","삼산천","B"
"2024","2","영산강","영암방조제","계곡천","D"
"2024","2","영산강","주진천","운산천","B"
"2024","2","영산강","주진천","주진천-1","D"
"2024","2","영산강","주진천","주진천-2","D"
"2024","2","영산강","주진천","고수천","C"
"2024","2","영산강","주진천","주진천3","D"
"2024","2","영산강","주진천","해리천","D"
"2024","2","영산강","와탄천","불갑천1","E"
"2024","2","영산강","와탄천","학산천(영광)","E"
"2024","2","영산강","와탄천","대산천1(고창)","C"
"2024","2","영산강","와탄천","대산천3","E"
"2024","2","영산강","와탄천","와탄천-2","E"
"2024","2","영산강","와탄천","와탄천","E"
"2024","2","영산강","와탄천","자룡천","D"
"2024","2","영산강","신안군","금산천1","D"
"2024","2","영산강","제주서해","옹포천1","B"
"2024","2","영산강","제주북해","외도천","A"
"2024","2","영산강","제주남해","동홍천","B"
