법정구역코드,시도,시군구,읍면동,리,FullAddress,하수처리시설명,하수처리_시설코드,분뇨처리시설명,분뇨처리_시설코드,지정내역,인구 총계(명),시가 인구(명)_하수처리지역(분류식),시가 인구(명)_하수처리지역(합류식),시가 인구(명)_하수미처리지역(오수),시가 인구(명)_하수미처리지역(정화조),시가 인구(명)_하수미처리지역(수거식),비시가 인구(명)_하수처리지역(분류식),비시가 인구(명)_하수처리지역(합류식),비시가 인구(명)_하수미처리지역(오수),비시가 인구(명)_하수미처리지역(정화조),비시가 인구(명)_하수미처리지역(수거식)
2614010400,부산광역시,서구,서대신동1가,,부산광역시 서구 서대신동1가 ,부산중앙하수처리장,261400W01,부산위생처리장,265300F01,일반지역,5668,1500,4055,0,0,0,30,83,0,0,0
2614011400,부산광역시,서구,토성동3가,,부산광역시 서구 토성동3가 ,부산중앙하수처리장,261400W01,부산위생처리장,265300F01,일반지역,690,186,504,0,0,0,0,0,0,0,0
2620011400,부산광역시,영도구,신선동3가,,부산광역시 영도구 신선동3가 ,영도하수종말처리시설,262000W01,부산위생처리장,265300F01,일반지역,1990,443,1328,0,0,0,55,164,0,0,0
2671025021,부산광역시,기장군,기장읍,동부리,부산광역시 기장군 기장읍 동부리,기장하수종말처리장,267100W01,부산위생처리장,265300F01,일반지역,8029,5073,1190,0,0,0,1430,336,0,0,0
2671025023,부산광역시,기장군,기장읍,신천리,부산광역시 기장군 기장읍 신천리,기장하수종말처리장,267100W01,부산위생처리장,265300F01,일반지역,115,38,9,0,0,0,55,13,0,0,0
2671025024,부산광역시,기장군,기장읍,죽성리,부산광역시 기장군 기장읍 죽성리,기장하수종말처리장,267100W01,부산위생처리장,265300F01,일반지역,1409,297,69,0,0,0,844,199,0,0,0
2671025025,부산광역시,기장군,기장읍,서부리,부산광역시 기장군 기장읍 서부리,기장하수종말처리장,267100W01,부산위생처리장,265300F01,일반지역,3139,1754,412,0,0,0,789,184,0,0,0
2671025026,부산광역시,기장군,기장읍,대라리,부산광역시 기장군 기장읍 대라리,기장하수종말처리장,267100W01,부산위생처리장,265300F01,일반지역,14021,9881,2317,0,0,0,1476,347,0,0,0
2671025027,부산광역시,기장군,기장읍,청강리,부산광역시 기장군 기장읍 청강리,기장하수종말처리장,267100W01,부산위생처리장,265300F01,일반지역,8241,3271,767,0,0,0,3404,799,0,0,0
2671025028,부산광역시,기장군,기장읍,대변리,부산광역시 기장군 기장읍 대변리,기장하수종말처리장,267100W01,부산위생처리장,265300F01,일반지역,1440,334,818,0,0,0,84,204,0,0,0
2671025031,부산광역시,기장군,기장읍,석산리,부산광역시 기장군 기장읍 석산리,,,부산위생처리장,265300F01,일반지역,135,0,0,35,5,0,0,0,84,11,0
2671025032,부산광역시,기장군,기장읍,당사리,부산광역시 기장군 기장읍 당사리,기장하수종말처리장,267100W01,부산위생처리장,265300F01,일반지역,183,165,0,0,0,0,18,0,0,0,0
2671025033,부산광역시,기장군,기장읍,시랑리,부산광역시 기장군 기장읍 시랑리,기장하수종말처리장,267100W01,부산위생처리장,265300F01,일반지역,732,490,0,0,0,0,242,0,0,0,0
2671025321,부산광역시,기장군,장안읍,좌천리,부산광역시 기장군 장안읍 좌천리,,,부산위생처리장,265300F01,일반지역,1689,0,0,177,27,675,0,0,163,24,623
2671025322,부산광역시,기장군,장안읍,효암리,부산광역시 기장군 장안읍 효암리,,,부산위생처리장,265300F01,일반지역,0,0,0,0,0,0,0,0,0,0,0
2671025323,부산광역시,기장군,장안읍,고리,부산광역시 기장군 장안읍 고리,,,부산위생처리장,265300F01,일반지역,0,0,0,0,0,0,0,0,0,0,0
2671025324,부산광역시,기장군,장안읍,좌동리,부산광역시 기장군 장안읍 좌동리,,,부산위생처리장,265300F01,일반지역,212,0,0,7,13,47,0,0,14,28,103
2671025325,부산광역시,기장군,장안읍,장안리,부산광역시 기장군 장안읍 장안리,상장안마을하수도,267100V03,부산위생처리장,265300F01,일반지역,320,150,0,0,0,0,170,0,0,0,0
2671025326,부산광역시,기장군,장안읍,덕선리,부산광역시 기장군 장안읍 덕선리,,,부산위생처리장,265300F01,일반지역,237,0,0,22,8,8,0,0,114,44,41
2671025327,부산광역시,기장군,장안읍,용소리,부산광역시 기장군 장안읍 용소리,,,부산위생처리장,265300F01,일반지역,206,0,0,14,7,3,0,0,104,55,23
2671025328,부산광역시,기장군,장안읍,기룡리,부산광역시 기장군 장안읍 기룡리,하근마을하수도,267100V05,부산위생처리장,265300F01,일반지역,158,77,0,0,0,0,81,0,0,0,0
2671025328,부산광역시,기장군,장안읍,기룡리,부산광역시 기장군 장안읍 기룡리,기장기룡마을하수도,267100V09,부산위생처리장,265300F01,일반지역,204,100,0,0,0,0,104,0,0,0,0
2671025329,부산광역시,기장군,장안읍,명례리,부산광역시 기장군 장안읍 명례리,기장도야공공하수도,267100V20,부산위생처리장,265300F01,일반지역,572,498,0,0,0,0,74,0,0,0,0
2671025330,부산광역시,기장군,장안읍,월내리,부산광역시 기장군 장안읍 월내리,,,부산위생처리장,265300F01,일반지역,1178,0,0,124,71,735,0,0,33,19,196
2671025331,부산광역시,기장군,장안읍,반룡리,부산광역시 기장군 장안읍 반룡리,장안일반산업단지폐수종말처리장,267100I02,부산위생처리장,265300F01,일반지역,523,301,0,45,41,68,45,0,7,6,10
2671025332,부산광역시,기장군,장안읍,임랑리,부산광역시 기장군 장안읍 임랑리,,,부산위생처리장,265300F01,일반지역,479,0,0,48,16,252,0,0,25,8,130
2671025333,부산광역시,기장군,장안읍,오리,부산광역시 기장군 장안읍 오리,대룡마을하수처리시설,267100V24,부산위생처리장,265300F01,일반지역,543,380,0,0,0,0,163,0,0,0,0
2671025334,부산광역시,기장군,장안읍,길천리,부산광역시 기장군 장안읍 길천리,,,부산위생처리장,265300F01,일반지역,3090,0,0,314,38,1595,0,0,184,22,937
2671025621,부산광역시,기장군,정관읍,방곡리,부산광역시 기장군 정관읍 방곡리,부산환경공단 정관하수처리장,267100W02,부산위생처리장,265300F01,일반지역,7362,5242,1310,0,0,0,648,162,0,0,0
2671025622,부산광역시,기장군,정관읍,매학리,부산광역시 기장군 정관읍 매학리,부산환경공단 정관하수처리장,267100W02,부산위생처리장,265300F01,일반지역,6256,4254,1064,0,0,0,751,187,0,0,0
2671025623,부산광역시,기장군,정관읍,임곡리,부산광역시 기장군 정관읍 임곡리,부산환경공단 정관하수처리장,267100W02,부산위생처리장,265300F01,특정지역,248,119,0,0,0,0,129,0,0,0,0
2671025624,부산광역시,기장군,정관읍,월평리,부산광역시 기장군 정관읍 월평리,부산환경공단 정관하수처리장,267100W02,부산위생처리장,265300F01,특정지역,346,163,0,0,0,0,183,0,0,0,0
2671025625,부산광역시,기장군,정관읍,달산리,부산광역시 기장군 정관읍 달산리,부산환경공단 정관하수처리장,267100W02,부산위생처리장,265300F01,일반지역,11973,7759,1939,0,0,0,1819,456,0,0,0
2671025626,부산광역시,기장군,정관읍,병산리,부산광역시 기장군 정관읍 병산리,부산환경공단 정관하수처리장,267100W02,부산위생처리장,265300F01,일반지역,129,0,0,0,0,0,103,26,0,0,0
2671025627,부산광역시,기장군,정관읍,모전리,부산광역시 기장군 정관읍 모전리,부산환경공단 정관하수처리장,267100W02,부산위생처리장,265300F01,일반지역,28984,20405,5101,0,0,0,2782,696,0,0,0
2671025628,부산광역시,기장군,정관읍,용수리,부산광역시 기장군 정관읍 용수리,부산환경공단 정관하수처리장,267100W02,부산위생처리장,265300F01,일반지역,25405,15853,3963,0,0,0,4471,1118,0,0,0
2671025629,부산광역시,기장군,정관읍,두명리,부산광역시 기장군 정관읍 두명리,부산환경공단 정관하수처리장,267100W02,부산위생처리장,265300F01,특정지역,150,15,0,0,0,0,135,0,0,0,0
2671025630,부산광역시,기장군,정관읍,예림리,부산광역시 기장군 정관읍 예림리,부산환경공단 정관하수처리장,267100W02,부산위생처리장,265300F01,일반지역,566,217,55,0,0,0,236,58,0,0,0
2671025921,부산광역시,기장군,일광읍,삼성리,부산광역시 기장군 일광읍 삼성리,일광하수처리시설,267100W04,부산위생처리장,265300F01,일반지역,20942,16125,0,0,0,0,4817,0,0,0,0
2671025922,부산광역시,기장군,일광읍,이천리,부산광역시 기장군 일광읍 이천리,기장하수종말처리장,267100W01,부산위생처리장,265300F01,일반지역,5247,1168,477,402,52,0,1752,716,603,77,0
2671025923,부산광역시,기장군,일광읍,학리,부산광역시 기장군 일광읍 학리,기장하수종말처리장,267100W01,부산위생처리장,265300F01,일반지역,436,71,29,0,0,0,239,97,0,0,0
2671025924,부산광역시,기장군,일광읍,동백리,부산광역시 기장군 일광읍 동백리,기장하수종말처리장,267100W01,부산위생처리장,265300F01,일반지역,456,55,0,0,0,0,401,0,0,0,0
2671025925,부산광역시,기장군,일광읍,문중리,부산광역시 기장군 일광읍 문중리,기장하수종말처리장,267100W01,부산위생처리장,265300F01,일반지역,318,140,0,0,0,0,178,0,0,0,0
2671025926,부산광역시,기장군,일광읍,신평리,부산광역시 기장군 일광읍 신평리,문오성면단위하수종말처리장,267100W03,부산위생처리장,265300F01,일반지역,301,181,0,0,0,0,120,0,0,0,0
2671025927,부산광역시,기장군,일광읍,칠암리,부산광역시 기장군 일광읍 칠암리,기장하수종말처리장,267100W01,부산위생처리장,265300F01,일반지역,482,463,0,0,0,0,19,0,0,0,0
2671025928,부산광역시,기장군,일광읍,문동리,부산광역시 기장군 일광읍 문동리,기장하수종말처리장,267100W01,부산위생처리장,265300F01,일반지역,276,179,0,0,0,0,97,0,0,0,0
2671025929,부산광역시,기장군,일광읍,청광리,부산광역시 기장군 일광읍 청광리,기장청광마을하수도,267100V11,부산위생처리장,265300F01,일반지역,80,2,0,0,0,0,78,0,0,0,0
2671025930,부산광역시,기장군,일광읍,원리,부산광역시 기장군 일광읍 원리,기장하리마을하수도,267100V06,부산위생처리장,265300F01,일반지역,265,74,0,0,0,0,191,0,0,0,0
2671025930,부산광역시,기장군,일광읍,원리,부산광역시 기장군 일광읍 원리,기장광산마을하수도,267100V10,부산위생처리장,265300F01,일반지역,227,64,0,0,0,0,163,0,0,0,0
2671025931,부산광역시,기장군,일광읍,화전리,부산광역시 기장군 일광읍 화전리,기장당곡마을하수도,267100V12,부산위생처리장,265300F01,일반지역,150,24,0,0,0,0,126,0,0,0,0
2671025931,부산광역시,기장군,일광읍,화전리,부산광역시 기장군 일광읍 화전리,기장화전공공하수도,267100V21,부산위생처리장,265300F01,일반지역,210,34,0,0,0,0,176,0,0,0,0
2671025932,부산광역시,기장군,일광읍,횡계리,부산광역시 기장군 일광읍 횡계리,,,부산위생처리장,265300F01,일반지역,125,0,0,18,4,13,0,0,47,11,32
2671025933,부산광역시,기장군,일광읍,용천리,부산광역시 기장군 일광읍 용천리,산수곡공공하수도,267100V23,부산위생처리장,265300F01,일반지역,326,114,0,0,0,0,212,0,0,0,0
2671033021,부산광역시,기장군,철마면,와여리,부산광역시 기장군 철마면 와여리,부산환경공단 정관하수처리장,267100W02,부산위생처리장,265300F01,특정지역,265,109,0,0,0,0,156,0,0,0,0
2671033022,부산광역시,기장군,철마면,장전리,부산광역시 기장군 철마면 장전리,부산환경공단 정관하수처리장,267100W02,부산위생처리장,265300F01,특정지역,339,78,0,0,0,0,261,0,0,0,0
2671033023,부산광역시,기장군,철마면,백길리,부산광역시 기장군 철마면 백길리,부산환경공단 정관하수처리장,267100W02,부산위생처리장,265300F01,특정지역,89,21,0,0,0,0,68,0,0,0,0
2671033024,부산광역시,기장군,철마면,송정리,부산광역시 기장군 철마면 송정리,수영하수종말처리장,262600W01,부산위생처리장,265300F01,특정지역,574,178,0,0,0,0,396,0,0,0,0
2671033025,부산광역시,기장군,철마면,웅천리,부산광역시 기장군 철마면 웅천리,부산환경공단 정관하수처리장,267100W02,부산위생처리장,265300F01,특정지역,448,125,0,0,0,0,323,0,0,0,0
2671033026,부산광역시,기장군,철마면,연구리,부산광역시 기장군 철마면 연구리,부산환경공단 정관하수처리장,267100W02,부산위생처리장,265300F01,특정지역,251,93,0,0,0,0,158,0,0,0,0
2671033027,부산광역시,기장군,철마면,구칠리,부산광역시 기장군 철마면 구칠리,부산환경공단 정관하수처리장,267100W02,부산위생처리장,265300F01,특정지역,292,67,0,0,0,0,225,0,0,0,0
2671033028,부산광역시,기장군,철마면,이곡리,부산광역시 기장군 철마면 이곡리,부산환경공단 정관하수처리장,267100W02,부산위생처리장,265300F01,특정지역,157,85,0,0,0,0,72,0,0,0,0
2671033029,부산광역시,기장군,철마면,고촌리,부산광역시 기장군 철마면 고촌리,동부하수처리장,263500W02,부산위생처리장,265300F01,일반지역,4544,1581,1645,0,0,0,646,672,0,0,0
2671033030,부산광역시,기장군,철마면,안평리,부산광역시 기장군 철마면 안평리,동부하수처리장,263500W02,부산위생처리장,265300F01,일반지역,293,33,34,0,0,0,111,115,0,0,0
2671033031,부산광역시,기장군,철마면,임기리,부산광역시 기장군 철마면 임기리,수영하수종말처리장,262600W01,부산위생처리장,265300F01,특정지역,473,123,0,0,0,0,350,0,0,0,0
2729012300,대구광역시,달서구,대곡동,,대구광역시 달서구 대곡동 ,대구서부하수종말처리장,272900W01,서부분뇨처리장,272900F01,일반지역,20741,7566,12345,0,0,0,316,514,0,0,0
2771025021,대구광역시,달성군,화원읍,천내리,대구광역시 달성군 화원읍 천내리,대구서부하수종말처리장,272900W01,서부분뇨처리장,272900F01,일반지역,14139,12442,0,0,0,0,1697,0,0,0,0
2771025023,대구광역시,달성군,화원읍,성산리,대구광역시 달성군 화원읍 성산리,대구서부하수종말처리장,272900W01,서부분뇨처리장,272900F01,일반지역,4248,3016,0,0,0,0,1232,0,0,0,0
2771025025,대구광역시,달성군,화원읍,명곡리,대구광역시 달성군 화원읍 명곡리,대구서부하수종말처리장,272900W01,서부분뇨처리장,272900F01,일반지역,10838,8779,0,0,0,0,2059,0,0,0,0
2771025026,대구광역시,달성군,화원읍,본리리,대구광역시 달성군 화원읍 본리리,대구서부하수종말처리장,272900W01,서부분뇨처리장,272900F01,일반지역,6341,4375,0,0,0,0,1966,0,0,0,0
2771025323,대구광역시,달성군,논공읍,삼리리,대구광역시 달성군 논공읍 삼리리,대구서부하수종말처리장,272900W01,서부분뇨처리장,272900F01,일반지역,456,194,0,4,12,0,228,0,5,13,0
2771025324,대구광역시,달성군,논공읍,위천리,대구광역시 달성군 논공읍 위천리,대구서부하수종말처리장,272900W01,서부분뇨처리장,272900F01,일반지역,228,187,0,12,15,0,12,0,1,1,0
2771025325,대구광역시,달성군,논공읍,상리,대구광역시 달성군 논공읍 상리,대구서부하수종말처리장,272900W01,서부분뇨처리장,272900F01,일반지역,318,159,0,97,33,0,16,0,10,3,0
2771025326,대구광역시,달성군,논공읍,하리,대구광역시 달성군 논공읍 하리,대구서부하수종말처리장,272900W01,서부분뇨처리장,272900F01,일반지역,167,78,0,4,7,0,69,0,3,6,0
2771025327,대구광역시,달성군,논공읍,남리,대구광역시 달성군 논공읍 남리,달성산업단지폐수종말처리시설,277100I01,서부분뇨처리장,272900F01,일반지역,5956,3633,0,0,0,0,2323,0,0,0,0
2771025328,대구광역시,달성군,논공읍,북리,대구광역시 달성군 논공읍 북리,달성산업단지폐수종말처리시설,277100I01,서부분뇨처리장,272900F01,일반지역,7715,7252,0,0,0,0,463,0,0,0,0
2771025329,대구광역시,달성군,논공읍,본리리,대구광역시 달성군 논공읍 본리리,달성산업단지폐수종말처리시설,277100I01,서부분뇨처리장,272900F01,일반지역,459,118,0,0,268,0,22,0,0,51,0
2771025621,대구광역시,달성군,다사읍,이천리,대구광역시 달성군 다사읍 이천리,다사이천마을하수도,277100V05,서부분뇨처리장,272900F01,일반지역,144,59,0,0,0,0,85,0,0,0,0
2771025622,대구광역시,달성군,다사읍,달천리,대구광역시 달성군 다사읍 달천리,다사달천마을하수도,277100V04,서부분뇨처리장,272900F01,일반지역,130,88,0,0,0,0,42,0,0,0,0
2771025623,대구광역시,달성군,다사읍,박곡리,대구광역시 달성군 다사읍 박곡리,다사박곡마을하수도,277100V03,서부분뇨처리장,272900F01,일반지역,163,70,0,0,0,0,93,0,0,0,0
2771025626,대구광역시,달성군,다사읍,세천리,대구광역시 달성군 다사읍 세천리,대구서부하수종말처리장,272900W01,서부분뇨처리장,272900F01,일반지역,14191,13142,0,102,663,284,0,0,0,0,0
2771025627,대구광역시,달성군,다사읍,죽곡리,대구광역시 달성군 다사읍 죽곡리,대구서부하수종말처리장,272900W01,서부분뇨처리장,272900F01,일반지역,19741,18162,0,0,0,0,1579,0,0,0,0
2771025628,대구광역시,달성군,다사읍,매곡리,대구광역시 달성군 다사읍 매곡리,대구서부하수종말처리장,272900W01,서부분뇨처리장,272900F01,일반지역,32416,25850,0,306,2694,0,3195,0,38,333,0
2771025631,대구광역시,달성군,다사읍,문산리,대구광역시 달성군 다사읍 문산리,대구서부하수종말처리장,272900W01,서부분뇨처리장,272900F01,일반지역,207,63,0,8,35,0,60,0,7,34,0
2771025921,대구광역시,달성군,유가읍,음리,대구광역시 달성군 유가읍 음리,달성하수처리장,277100W01,서부분뇨처리장,272900F01,일반지역,181,81,0,0,8,0,84,0,0,8,0
2771025922,대구광역시,달성군,유가읍,양리,대구광역시 달성군 유가읍 양리,달성하수처리장,277100W01,서부분뇨처리장,272900F01,일반지역,160,0,0,0,0,0,68,0,0,92,0
2771025924,대구광역시,달성군,유가읍,봉리,대구광역시 달성군 유가읍 봉리,달성하수처리장,277100W01,서부분뇨처리장,272900F01,일반지역,25838,25838,0,0,0,0,0,0,0,0,0
2771025925,대구광역시,달성군,유가읍,쌍계리,대구광역시 달성군 유가읍 쌍계리,달성하수처리장,277100W01,서부분뇨처리장,272900F01,일반지역,2724,792,0,185,58,0,1291,0,303,95,0
2771025926,대구광역시,달성군,유가읍,초곡리,대구광역시 달성군 유가읍 초곡리,달성하수처리장,277100W01,서부분뇨처리장,272900F01,일반지역,116,0,0,0,0,0,83,0,0,33,0
2771025927,대구광역시,달성군,유가읍,상리,대구광역시 달성군 유가읍 상리,달성하수처리장,277100W01,서부분뇨처리장,272900F01,일반지역,324,45,0,24,164,0,17,0,10,64,0
2771025928,대구광역시,달성군,유가읍,금리,대구광역시 달성군 유가읍 금리,달성하수처리장,277100W01,서부분뇨처리장,272900F01,일반지역,318,202,0,15,101,0,0,0,0,0,0
2771025929,대구광역시,달성군,유가읍,유곡리,대구광역시 달성군 유가읍 유곡리,달성하수처리장,277100W01,서부분뇨처리장,272900F01,일반지역,414,279,0,0,40,0,83,0,0,12,0
2771025930,대구광역시,달성군,유가읍,도의리,대구광역시 달성군 유가읍 도의리,달성하수처리장,277100W01,서부분뇨처리장,272900F01,일반지역,205,0,0,0,0,0,205,0,0,0,0
2771025932,대구광역시,달성군,유가읍,한정리,대구광역시 달성군 유가읍 한정리,달성하수처리장,277100W01,서부분뇨처리장,272900F01,일반지역,278,0,0,0,0,0,224,0,0,54,0
2771025933,대구광역시,달성군,유가읍,본말리,대구광역시 달성군 유가읍 본말리,달성하수처리장,277100W01,서부분뇨처리장,272900F01,일반지역,123,0,0,0,0,0,117,0,2,4,0
2771026221,대구광역시,달성군,옥포읍,신당리,대구광역시 달성군 옥포읍 신당리,대구서부하수종말처리장,272900W01,서부분뇨처리장,272900F01,일반지역,400,200,0,0,0,0,200,0,0,0,0
2771026222,대구광역시,달성군,옥포읍,교항리,대구광역시 달성군 옥포읍 교항리,대구서부하수종말처리장,272900W01,서부분뇨처리장,272900F01,일반지역,9705,6794,0,0,0,0,2911,0,0,0,0
2771026223,대구광역시,달성군,옥포읍,강림리,대구광역시 달성군 옥포읍 강림리,대구서부하수종말처리장,272900W01,서부분뇨처리장,272900F01,일반지역,6533,3473,0,0,914,1166,613,0,0,161,206
2771026224,대구광역시,달성군,옥포읍,송촌리,대구광역시 달성군 옥포읍 송촌리,,,서부분뇨처리장,272900F01,일반지역,69,0,0,0,6,0,0,0,0,63,0
2771026225,대구광역시,달성군,옥포읍,간경리,대구광역시 달성군 옥포읍 간경리,대구서부하수종말처리장,272900W01,서부분뇨처리장,272900F01,일반지역,562,309,0,0,0,0,253,0,0,0,0
2771026226,대구광역시,달성군,옥포읍,기세리,대구광역시 달성군 옥포읍 기세리,옥포기세마을하수도,277100V08,서부분뇨처리장,272900F01,일반지역,385,59,0,65,0,0,124,0,137,0,0
2771026227,대구광역시,달성군,옥포읍,반송리,대구광역시 달성군 옥포읍 반송리,,,서부분뇨처리장,272900F01,일반지역,421,0,0,50,43,0,0,0,176,152,0
2771026228,대구광역시,달성군,옥포읍,김흥리,대구광역시 달성군 옥포읍 김흥리,,,서부분뇨처리장,272900F01,일반지역,475,0,0,0,81,0,0,0,0,394,0
2771026229,대구광역시,달성군,옥포읍,본리리,대구광역시 달성군 옥포읍 본리리,대구서부하수종말처리장,272900W01,서부분뇨처리장,272900F01,일반지역,5616,3022,0,110,70,0,2279,0,83,52,0
2771026521,대구광역시,달성군,현풍읍,상리,대구광역시 달성군 현풍읍 상리,달성하수처리장,277100W01,서부분뇨처리장,272900F01,일반지역,1208,204,0,0,62,0,723,0,0,219,0
2771026522,대구광역시,달성군,현풍읍,중리,대구광역시 달성군 현풍읍 중리,달성하수처리장,277100W01,서부분뇨처리장,272900F01,일반지역,14269,14269,0,0,0,0,0,0,0,0,0
2771026523,대구광역시,달성군,현풍읍,부리,대구광역시 달성군 현풍읍 부리,달성하수처리장,277100W01,서부분뇨처리장,272900F01,일반지역,1941,1689,0,0,0,0,252,0,0,0,0
2771026524,대구광역시,달성군,현풍읍,하리,대구광역시 달성군 현풍읍 하리,달성하수처리장,277100W01,서부분뇨처리장,272900F01,일반지역,484,484,0,0,0,0,0,0,0,0,0
2771026525,대구광역시,달성군,현풍읍,성하리,대구광역시 달성군 현풍읍 성하리,달성하수처리장,277100W01,서부분뇨처리장,272900F01,일반지역,522,63,0,0,0,0,459,0,0,0,0
2771026526,대구광역시,달성군,현풍읍,원교리,대구광역시 달성군 현풍읍 원교리,달성하수처리장,277100W01,서부분뇨처리장,272900F01,일반지역,1046,345,0,0,0,0,701,0,0,0,0
2771026527,대구광역시,달성군,현풍읍,자모리,대구광역시 달성군 현풍읍 자모리,현풍자모마을하수도,277100V02,서부분뇨처리장,272900F01,특정지역,134,40,0,0,0,0,94,0,0,0,0
2771026528,대구광역시,달성군,현풍읍,오산리,대구광역시 달성군 현풍읍 오산리,달성하수처리장,277100W01,서부분뇨처리장,272900F01,일반지역,133,0,0,0,0,0,107,0,0,26,0
2771026529,대구광역시,달성군,현풍읍,지리,대구광역시 달성군 현풍읍 지리,달성하수처리장,277100W01,서부분뇨처리장,272900F01,일반지역,242,28,0,0,4,0,185,0,0,25,0
2771026531,대구광역시,달성군,현풍읍,신기리,대구광역시 달성군 현풍읍 신기리,달성하수처리장,277100W01,서부분뇨처리장,272900F01,일반지역,116,63,0,0,8,0,40,0,0,5,0
2771031021,대구광역시,달성군,가창면,용계리,대구광역시 달성군 가창면 용계리,신천하수종말처리장,272300W01,서부분뇨처리장,272900F01,일반지역,3044,1705,0,0,0,0,1339,0,0,0,0
2771031023,대구광역시,달성군,가창면,정대리,대구광역시 달성군 가창면 정대리,신천하수종말처리장,272300W01,서부분뇨처리장,272900F01,일반지역,279,16,0,22,3,0,92,0,126,20,0
2771031024,대구광역시,달성군,가창면,냉천리,대구광역시 달성군 가창면 냉천리,신천하수종말처리장,272300W01,서부분뇨처리장,272900F01,일반지역,421,42,0,59,8,0,121,0,168,23,0
2771031028,대구광역시,달성군,가창면,대일리,대구광역시 달성군 가창면 대일리,신천하수종말처리장,272300W01,서부분뇨처리장,272900F01,일반지역,438,77,0,130,38,0,60,0,103,30,0
2771031029,대구광역시,달성군,가창면,주리,대구광역시 달성군 가창면 주리,신천하수종말처리장,272300W01,서부분뇨처리장,272900F01,일반지역,316,18,0,35,17,0,62,0,122,62,0
2771031030,대구광역시,달성군,가창면,옥분리,대구광역시 달성군 가창면 옥분리,신천하수종말처리장,272300W01,서부분뇨처리장,272900F01,일반지역,255,14,0,73,43,0,13,0,70,42,0
2771031031,대구광역시,달성군,가창면,삼산리,대구광역시 달성군 가창면 삼산리,가창삼산마을하수도,277100V10,서부분뇨처리장,272900F01,일반지역,545,56,0,56,30,0,158,0,159,86,0
2771031032,대구광역시,달성군,가창면,우록리,대구광역시 달성군 가창면 우록리,가창삼산마을하수도,277100V10,서부분뇨처리장,272900F01,일반지역,527,29,0,23,17,0,196,0,152,110,0
2771033022,대구광역시,달성군,하빈면,묘리,대구광역시 달성군 하빈면 묘리,하빈묘리마을하수도,277100V07,서부분뇨처리장,272900F01,일반지역,332,0,0,0,0,0,242,0,30,60,0
2771033025,대구광역시,달성군,하빈면,무등리,대구광역시 달성군 하빈면 무등리,달성하수처리장,277100W01,서부분뇨처리장,272900F01,일반지역,234,110,0,0,0,0,124,0,0,0,0
2771033026,대구광역시,달성군,하빈면,현내리,대구광역시 달성군 하빈면 현내리,하빈현내공공하수도,277100V09,서부분뇨처리장,272900F01,일반지역,451,320,0,0,0,0,131,0,0,0,0
2771033029,대구광역시,달성군,하빈면,봉촌리,대구광역시 달성군 하빈면 봉촌리,달성하수처리장,277100W01,서부분뇨처리장,272900F01,일반지역,670,81,0,12,14,0,423,0,66,74,0
2771038022,대구광역시,달성군,구지면,응암리,대구광역시 달성군 구지면 응암리,달성하수처리장,277100W01,서부분뇨처리장,272900F01,일반지역,9903,9903,0,0,0,0,0,0,0,0,0
2771038023,대구광역시,달성군,구지면,고봉리,대구광역시 달성군 구지면 고봉리,달성하수처리장,277100W01,서부분뇨처리장,272900F01,일반지역,243,173,0,3,11,0,52,0,1,3,0
2771038024,대구광역시,달성군,구지면,가천리,대구광역시 달성군 구지면 가천리,달성하수처리장,277100W01,서부분뇨처리장,272900F01,일반지역,135,58,0,0,0,0,77,0,0,0,0
2771038025,대구광역시,달성군,구지면,평촌리,대구광역시 달성군 구지면 평촌리,달성하수처리장,277100W01,서부분뇨처리장,272900F01,일반지역,203,24,0,0,0,0,179,0,0,0,0
2771038026,대구광역시,달성군,구지면,예현리,대구광역시 달성군 구지면 예현리,달성제2차산업단지폐수종말처리장,277100I02,서부분뇨처리장,272900F01,일반지역,342,105,0,60,54,73,18,0,10,9,13
2771038027,대구광역시,달성군,구지면,유산리,대구광역시 달성군 구지면 유산리,,,서부분뇨처리장,272900F01,특정지역,49,0,0,24,4,0,0,0,18,3,0
2771038028,대구광역시,달성군,구지면,목단리,대구광역시 달성군 구지면 목단리,,,서부분뇨처리장,272900F01,일반지역,116,0,0,20,27,0,0,0,29,40,0
2771038029,대구광역시,달성군,구지면,대암리,대구광역시 달성군 구지면 대암리,,,서부분뇨처리장,272900F01,일반지역,119,0,0,3,22,0,0,0,10,84,0
2771038030,대구광역시,달성군,구지면,내리,대구광역시 달성군 구지면 내리,달성제2차산업단지폐수종말처리장,277100I02,서부분뇨처리장,272900F01,일반지역,584,252,0,139,102,67,11,0,6,4,3
2771038031,대구광역시,달성군,구지면,화산리,대구광역시 달성군 구지면 화산리,달성제2차산업단지폐수종말처리장,277100I02,서부분뇨처리장,272900F01,일반지역,1897,1117,0,506,122,0,97,0,44,11,0
2771038032,대구광역시,달성군,구지면,수리리,대구광역시 달성군 구지면 수리리,달성제2차산업단지폐수종말처리장,277100I02,서부분뇨처리장,272900F01,일반지역,242,203,0,0,0,0,39,0,0,0,0
2771038033,대구광역시,달성군,구지면,징리,대구광역시 달성군 구지면 징리,,,서부분뇨처리장,272900F01,일반지역,115,0,0,5,31,0,0,0,12,67,0
2771038034,대구광역시,달성군,구지면,오설리,대구광역시 달성군 구지면 오설리,구지오설마을하수도,277100V01,서부분뇨처리장,272900F01,일반지역,107,29,0,0,0,0,78,0,0,0,0
2771038035,대구광역시,달성군,구지면,도동리,대구광역시 달성군 구지면 도동리,구지도동마을하수도,277100V11,서부분뇨처리장,272900F01,일반지역,135,0,0,0,0,0,135,0,0,0,0
2772025022,대구광역시,군위군,군위읍,서부리,대구광역시 군위군 군위읍 서부리,군위공공하수처리시설,477200W01,군위분뇨처리장,477200F01,일반지역,2766,1655,0,53,4,390,523,0,17,1,123
2772025023,대구광역시,군위군,군위읍,금구리,대구광역시 군위군 군위읍 금구리,군위공공하수처리시설,477200W01,군위분뇨처리장,477200F01,일반지역,329,0,0,0,0,0,123,0,11,33,162
2772025025,대구광역시,군위군,군위읍,수서리,대구광역시 군위군 군위읍 수서리,군위공공하수처리시설,477200W01,군위분뇨처리장,477200F01,일반지역,356,0,0,0,0,0,190,0,15,75,76
2772025025,대구광역시,군위군,군위읍,수서리,대구광역시 군위군 군위읍 수서리,군위군위농공단지폐수종말처리장,477200A01,군위분뇨처리장,477200F01,일반지역,134,0,0,0,0,0,134,0,0,0,0
2772025026,대구광역시,군위군,군위읍,사직리,대구광역시 군위군 군위읍 사직리,군위사직마을하수도,477200V01,군위분뇨처리장,477200F01,일반지역,114,0,0,0,0,0,84,0,0,20,10
2772025026,대구광역시,군위군,군위읍,사직리,대구광역시 군위군 군위읍 사직리,군위공공하수처리시설,477200W01,군위분뇨처리장,477200F01,일반지역,75,0,0,0,0,0,75,0,0,0,0
2772025027,대구광역시,군위군,군위읍,내량리,대구광역시 군위군 군위읍 내량리,군위공공하수처리시설,477200W01,군위분뇨처리장,477200F01,일반지역,365,0,0,0,0,0,115,0,15,16,219
2772025028,대구광역시,군위군,군위읍,외량리,대구광역시 군위군 군위읍 외량리,,,군위분뇨처리장,477200F01,일반지역,281,0,0,0,0,0,0,0,235,40,6
2772025029,대구광역시,군위군,군위읍,삽령리,대구광역시 군위군 군위읍 삽령리,,,군위분뇨처리장,477200F01,일반지역,131,0,0,0,0,0,0,0,0,15,116
2772025030,대구광역시,군위군,군위읍,대북리,대구광역시 군위군 군위읍 대북리,,,군위분뇨처리장,477200F01,일반지역,257,0,0,0,0,0,0,0,34,41,182
2772025031,대구광역시,군위군,군위읍,오곡리,대구광역시 군위군 군위읍 오곡리,,,군위분뇨처리장,477200F01,일반지역,146,0,0,0,0,0,0,0,53,20,73
2772025032,대구광역시,군위군,군위읍,정리,대구광역시 군위군 군위읍 정리,군위공공하수처리시설,477200W01,군위분뇨처리장,477200F01,일반지역,463,94,0,0,3,33,241,0,0,7,85
2772025036,대구광역시,군위군,군위읍,광현리,대구광역시 군위군 군위읍 광현리,,,군위분뇨처리장,477200F01,일반지역,251,0,0,0,0,0,0,0,82,169,0
2772025037,대구광역시,군위군,군위읍,대흥리,대구광역시 군위군 군위읍 대흥리,,,군위분뇨처리장,477200F01,일반지역,220,0,0,0,0,0,0,0,45,27,148
2772031021,대구광역시,군위군,소보면,사리리,대구광역시 군위군 소보면 사리리,,,군위분뇨처리장,477200F01,일반지역,131,0,0,0,0,0,0,0,20,111,0
2772031022,대구광역시,군위군,소보면,보현리,대구광역시 군위군 소보면 보현리,,,군위분뇨처리장,477200F01,일반지역,140,0,0,0,0,0,0,0,25,59,56
2772031023,대구광역시,군위군,소보면,복성리,대구광역시 군위군 소보면 복성리,,,군위분뇨처리장,477200F01,일반지역,130,0,0,0,0,0,0,0,39,91,0
2772031024,대구광역시,군위군,소보면,위성리,대구광역시 군위군 소보면 위성리,,,군위분뇨처리장,477200F01,일반지역,216,0,0,0,0,0,0,0,75,141,0
2772031025,대구광역시,군위군,소보면,달산리,대구광역시 군위군 소보면 달산리,,,군위분뇨처리장,477200F01,일반지역,254,0,0,0,0,0,0,0,36,95,123
2772031026,대구광역시,군위군,소보면,송원리,대구광역시 군위군 소보면 송원리,소보송원소규모공공처리시설,477200V20,군위분뇨처리장,477200F01,일반지역,316,0,0,0,0,0,38,0,65,152,61
2772031028,대구광역시,군위군,소보면,도산리,대구광역시 군위군 소보면 도산리,,,군위분뇨처리장,477200F01,일반지역,232,0,0,0,0,0,0,0,92,78,62
2772031031,대구광역시,군위군,소보면,산법리,대구광역시 군위군 소보면 산법리,,,군위분뇨처리장,477200F01,일반지역,60,0,0,0,0,0,0,0,5,55,0
2772031032,대구광역시,군위군,소보면,내의리,대구광역시 군위군 소보면 내의리,,,군위분뇨처리장,477200F01,일반지역,295,0,0,0,0,0,0,0,25,114,156
2772031033,대구광역시,군위군,소보면,봉황리,대구광역시 군위군 소보면 봉황리,,,군위분뇨처리장,477200F01,일반지역,205,0,0,0,0,0,0,0,59,146,0
2772031034,대구광역시,군위군,소보면,봉소리,대구광역시 군위군 소보면 봉소리,,,군위분뇨처리장,477200F01,일반지역,76,0,0,0,0,0,0,0,21,55,0
2772032021,대구광역시,군위군,효령면,노행리,대구광역시 군위군 효령면 노행리,,,군위분뇨처리장,477200F01,일반지역,212,0,0,0,0,0,0,0,83,129,0
2772032022,대구광역시,군위군,효령면,오천리,대구광역시 군위군 효령면 오천리,,,군위분뇨처리장,477200F01,일반지역,92,0,0,0,0,0,0,0,0,11,81
2772032023,대구광역시,군위군,효령면,성리,대구광역시 군위군 효령면 성리,,,군위분뇨처리장,477200F01,일반지역,218,0,0,0,0,0,0,0,15,82,121
2772032026,대구광역시,군위군,효령면,내리리,대구광역시 군위군 효령면 내리리,,,군위분뇨처리장,477200F01,일반지역,149,0,0,0,0,0,0,0,9,65,75
2772032030,대구광역시,군위군,효령면,장기리,대구광역시 군위군 효령면 장기리,효령고곡소규모공공하수처리시설,477200V19,군위분뇨처리장,477200F01,일반지역,296,0,0,0,0,0,217,0,15,64,0
2772032031,대구광역시,군위군,효령면,금매리,대구광역시 군위군 효령면 금매리,효령원곡소규모공공하수처리시설,477200V18,군위분뇨처리장,477200F01,일반지역,249,0,0,0,0,0,0,0,97,152,0
2772032032,대구광역시,군위군,효령면,화계리,대구광역시 군위군 효령면 화계리,,,군위분뇨처리장,477200F01,일반지역,205,0,0,0,0,0,0,0,70,84,51
2772032033,대구광역시,군위군,효령면,마시리,대구광역시 군위군 효령면 마시리,,,군위분뇨처리장,477200F01,일반지역,312,0,0,0,0,0,0,0,253,59,0
2772032034,대구광역시,군위군,효령면,매곡리,대구광역시 군위군 효령면 매곡리,,,군위분뇨처리장,477200F01,일반지역,287,0,0,0,0,0,0,0,61,134,92
2772032035,대구광역시,군위군,효령면,고곡리,대구광역시 군위군 효령면 고곡리,효령원곡소규모공공하수처리시설,477200V18,군위분뇨처리장,477200F01,일반지역,562,0,0,0,0,0,0,0,268,294,0
2772033021,대구광역시,군위군,부계면,창평리,대구광역시 군위군 부계면 창평리,부계창평마을하수도,477200V06,군위분뇨처리장,477200F01,일반지역,400,0,0,0,0,0,312,0,42,46,0
2772033022,대구광역시,군위군,부계면,가호리,대구광역시 군위군 부계면 가호리,,,군위분뇨처리장,477200F01,일반지역,260,0,0,0,0,0,0,0,41,219,0
2772033023,대구광역시,군위군,부계면,춘산리,대구광역시 군위군 부계면 춘산리,,,군위분뇨처리장,477200F01,일반지역,122,0,0,0,0,0,0,0,22,100,0
2772033024,대구광역시,군위군,부계면,대율리,대구광역시 군위군 부계면 대율리,부계대율마을하수도,477200V05,군위분뇨처리장,477200F01,일반지역,450,0,0,0,0,0,443,0,0,7,0
2772033025,대구광역시,군위군,부계면,동산리,대구광역시 군위군 부계면 동산리,부계대율마을하수도,477200V05,군위분뇨처리장,477200F01,일반지역,272,0,0,0,0,0,0,0,30,30,212
2772033026,대구광역시,군위군,부계면,남산리,대구광역시 군위군 부계면 남산리,부계대율마을하수도,477200V05,군위분뇨처리장,477200F01,일반지역,387,0,0,0,0,0,0,0,40,192,155
2772033027,대구광역시,군위군,부계면,명산리,대구광역시 군위군 부계면 명산리,,,군위분뇨처리장,477200F01,일반지역,68,0,0,0,0,0,0,0,23,45,0
2772033028,대구광역시,군위군,부계면,신화리,대구광역시 군위군 부계면 신화리,,,군위분뇨처리장,477200F01,일반지역,141,0,0,0,0,0,0,0,15,105,21
2772034021,대구광역시,군위군,우보면,나호리,대구광역시 군위군 우보면 나호리,,,군위분뇨처리장,477200F01,일반지역,191,0,0,0,0,0,0,0,25,62,104
2772034022,대구광역시,군위군,우보면,이화리,대구광역시 군위군 우보면 이화리,우보이화마을하수도,477200V07,군위분뇨처리장,477200F01,일반지역,478,0,0,0,0,0,478,0,0,0,0
2772034023,대구광역시,군위군,우보면,두북리,대구광역시 군위군 우보면 두북리,,,군위분뇨처리장,477200F01,일반지역,94,0,0,0,0,0,0,0,21,41,32
2772034024,대구광역시,군위군,우보면,선곡리,대구광역시 군위군 우보면 선곡리,,,군위분뇨처리장,477200F01,일반지역,196,0,0,0,0,0,0,0,25,58,113
2772034025,대구광역시,군위군,우보면,미성리,대구광역시 군위군 우보면 미성리,,,군위분뇨처리장,477200F01,일반지역,191,0,0,0,0,0,0,0,107,59,25
2772034026,대구광역시,군위군,우보면,모산리,대구광역시 군위군 우보면 모산리,우보모산마을하수도,477200V16,군위분뇨처리장,477200F01,일반지역,194,0,0,0,0,0,194,0,0,0,0
2772034027,대구광역시,군위군,우보면,문덕리,대구광역시 군위군 우보면 문덕리,우보문덕마을하수도,477200V17,군위분뇨처리장,477200F01,일반지역,216,0,0,0,0,0,200,0,5,11,0
2772034028,대구광역시,군위군,우보면,달산리,대구광역시 군위군 우보면 달산리,,,군위분뇨처리장,477200F01,일반지역,185,0,0,0,0,0,0,0,52,83,50
2772034029,대구광역시,군위군,우보면,봉산리,대구광역시 군위군 우보면 봉산리,,,군위분뇨처리장,477200F01,일반지역,210,0,0,0,0,0,0,0,31,52,127
2772035021,대구광역시,군위군,의흥면,읍내리,대구광역시 군위군 의흥면 읍내리,의흥읍내마을하수도,477200V08,군위분뇨처리장,477200F01,일반지역,609,0,0,0,0,0,609,0,0,0,0
2772035022,대구광역시,군위군,의흥면,수북리,대구광역시 군위군 의흥면 수북리,,,군위분뇨처리장,477200F01,일반지역,235,0,0,0,0,0,0,0,50,65,120
2772035023,대구광역시,군위군,의흥면,수서리,대구광역시 군위군 의흥면 수서리,,,군위분뇨처리장,477200F01,일반지역,127,0,0,0,0,0,0,0,15,38,74
2772035024,대구광역시,군위군,의흥면,이지리,대구광역시 군위군 의흥면 이지리,,,군위분뇨처리장,477200F01,일반지역,252,0,0,0,0,0,0,0,35,52,165
2772035025,대구광역시,군위군,의흥면,파전리,대구광역시 군위군 의흥면 파전리,,,군위분뇨처리장,477200F01,일반지역,130,0,0,0,0,0,0,0,31,28,71
2772035026,대구광역시,군위군,의흥면,신덕리,대구광역시 군위군 의흥면 신덕리,,,군위분뇨처리장,477200F01,일반지역,106,0,0,0,0,0,0,0,0,21,85
2772035027,대구광역시,군위군,의흥면,지호리,대구광역시 군위군 의흥면 지호리,,,군위분뇨처리장,477200F01,일반지역,161,0,0,0,0,0,0,0,15,146,0
2772035028,대구광역시,군위군,의흥면,연계리,대구광역시 군위군 의흥면 연계리,,,군위분뇨처리장,477200F01,일반지역,226,0,0,0,0,0,0,0,66,160,0
2772035029,대구광역시,군위군,의흥면,매성리,대구광역시 군위군 의흥면 매성리,,,군위분뇨처리장,477200F01,일반지역,126,0,0,0,0,0,0,0,40,57,29
2772035030,대구광역시,군위군,의흥면,원산리,대구광역시 군위군 의흥면 원산리,,,군위분뇨처리장,477200F01,일반지역,216,0,0,0,0,0,0,0,3,213,0
2772035031,대구광역시,군위군,의흥면,금양리,대구광역시 군위군 의흥면 금양리,,,군위분뇨처리장,477200F01,일반지역,153,0,0,0,0,0,0,0,65,72,16
2772036021,대구광역시,군위군,산성면,백학리,대구광역시 군위군 산성면 백학리,,,군위분뇨처리장,477200F01,일반지역,131,0,0,0,0,0,0,0,20,47,64
2772036022,대구광역시,군위군,산성면,삼산리,대구광역시 군위군 산성면 삼산리,,,군위분뇨처리장,477200F01,일반지역,219,0,0,0,0,0,0,0,18,67,134
2772036023,대구광역시,군위군,산성면,봉림리,대구광역시 군위군 산성면 봉림리,,,군위분뇨처리장,477200F01,일반지역,130,0,0,0,0,0,0,0,25,35,70
2772036024,대구광역시,군위군,산성면,무암리,대구광역시 군위군 산성면 무암리,,,군위분뇨처리장,477200F01,일반지역,124,0,0,0,0,0,0,0,84,40,0
2772036025,대구광역시,군위군,산성면,운산리,대구광역시 군위군 산성면 운산리,,,군위분뇨처리장,477200F01,일반지역,103,0,0,0,0,0,0,0,51,52,0
2772036027,대구광역시,군위군,산성면,화전리,대구광역시 군위군 산성면 화전리,,,군위분뇨처리장,477200F01,일반지역,168,0,0,0,0,0,0,0,20,19,129
2772037021,대구광역시,군위군,삼국유사면,화수리,대구광역시 군위군 삼국유사면 화수리,,,군위분뇨처리장,477200F01,일반지역,158,0,0,0,0,0,0,0,0,16,142
2772037022,대구광역시,군위군,삼국유사면,화북리,대구광역시 군위군 삼국유사면 화북리,,,군위분뇨처리장,477200F01,일반지역,283,0,0,0,0,0,0,0,102,65,116
2772037023,대구광역시,군위군,삼국유사면,괴산리,대구광역시 군위군 삼국유사면 괴산리,고로새산마을하수도,477200V15,군위분뇨처리장,477200F01,일반지역,75,0,0,0,0,0,67,0,0,5,3
2772037024,대구광역시,군위군,삼국유사면,학성리,대구광역시 군위군 삼국유사면 학성리,군위고로화북마을하수도,477200V04,군위분뇨처리장,477200F01,일반지역,56,0,0,0,0,0,56,0,0,0,0
2772037025,대구광역시,군위군,삼국유사면,장곡리,대구광역시 군위군 삼국유사면 장곡리,,,군위분뇨처리장,477200F01,일반지역,13,0,0,0,0,0,0,0,0,0,13
2772037026,대구광역시,군위군,삼국유사면,인곡리,대구광역시 군위군 삼국유사면 인곡리,고로병풍암마을하수도,477200V14,군위분뇨처리장,477200F01,일반지역,37,0,0,0,0,0,37,0,0,0,0
2772037027,대구광역시,군위군,삼국유사면,양지리,대구광역시 군위군 삼국유사면 양지리,고로양지마을하수도,477200V09,군위분뇨처리장,477200F01,일반지역,122,0,0,0,0,0,122,0,0,0,0
2772037028,대구광역시,군위군,삼국유사면,낙전리,대구광역시 군위군 삼국유사면 낙전리,고로조락마을하수도,477200V11,군위분뇨처리장,477200F01,일반지역,76,0,0,0,0,0,54,0,0,9,13
2772037029,대구광역시,군위군,삼국유사면,가암리,대구광역시 군위군 삼국유사면 가암리,고로양지마을하수도,477200V09,군위분뇨처리장,477200F01,일반지역,177,0,0,0,0,0,168,0,0,9,0
2772037030,대구광역시,군위군,삼국유사면,석산리,대구광역시 군위군 삼국유사면 석산리,고로양지마을하수도,477200V09,군위분뇨처리장,477200F01,일반지역,178,0,0,0,0,0,155,0,0,23,0
2772037031,대구광역시,군위군,삼국유사면,학암리,대구광역시 군위군 삼국유사면 학암리,고로성황골마을하수도,477200V12,군위분뇨처리장,477200F01,일반지역,60,0,0,0,0,0,45,0,0,15,0
2772037031,대구광역시,군위군,삼국유사면,학암리,대구광역시 군위군 삼국유사면 학암리,고로바위골마을하수도,477200V13,군위분뇨처리장,477200F01,일반지역,84,0,0,0,0,0,84,0,0,0,0
2811014800,인천광역시,중구,운북동,,인천광역시 중구 운북동 ,운북하수종말처리장,281100W01,가좌분뇨처리장,282600F02,일반지역,3593,0,929,796,0,72,0,928,796,0,72
2811014900,인천광역시,중구,을왕동,,인천광역시 중구 을왕동 ,영종수질복원센터,281100W03,가좌분뇨처리장,282600F02,일반지역,1601,80,0,0,0,0,1521,0,0,0,0
2811015000,인천광역시,중구,남북동,,인천광역시 중구 남북동 ,영종수질복원센터,281100W03,가좌분뇨처리장,282600F02,일반지역,837,0,0,0,0,0,837,0,0,0,0
2811015200,인천광역시,중구,무의동,,인천광역시 중구 무의동 ,,,가좌분뇨처리장,282600F02,일반지역,691,0,0,0,0,0,0,0,345,0,346
2824511100,인천광역시,계양구,귤현동,,인천광역시 계양구 귤현동 ,굴포공공하수처리시설,411990W01,가좌분뇨처리장,282600F02,일반지역,9162,0,2199,0,0,0,0,6963,0,0,0
2824511500,인천광역시,계양구,노오지동,,인천광역시 계양구 노오지동 ,,,가좌분뇨처리장,282600F02,일반지역,0,0,0,0,0,0,0,0,0,0,0
2824511600,인천광역시,계양구,선주지동,,인천광역시 계양구 선주지동 ,,,가좌분뇨처리장,282600F02,일반지역,128,0,0,49,10,0,0,0,57,12,0
2824511800,인천광역시,계양구,오류동,,인천광역시 계양구 오류동 ,검단하수처리장,282600W03,가좌분뇨처리장,282600F02,일반지역,3228,1937,0,0,0,0,1291,0,0,0,0
2824511900,인천광역시,계양구,갈현동,,인천광역시 계양구 갈현동 ,,,가좌분뇨처리장,282600F02,일반지역,150,0,0,20,4,0,0,0,107,19,0
2826010100,인천광역시,서구,백석동,,인천광역시 서구 백석동 ,공촌하수종말처리장,282600W01,가좌분뇨처리장,282600F02,일반지역,225,0,65,0,0,0,0,160,0,0,0
2826010100,인천광역시,서구,백석동,,인천광역시 서구 백석동 ,검단하수처리장,282600W03,가좌분뇨처리장,282600F02,일반지역,11000,0,3190,0,0,0,0,7810,0,0,0
2826010200,인천광역시,서구,시천동,,인천광역시 서구 시천동 ,공촌하수종말처리장,282600W01,가좌분뇨처리장,282600F02,일반지역,92,5,0,0,0,0,87,0,0,0,0
2826010300,인천광역시,서구,검암동,,인천광역시 서구 검암동 ,공촌하수종말처리장,282600W01,가좌분뇨처리장,282600F02,일반지역,30452,19185,0,0,0,0,11267,0,0,0,0
2826010400,인천광역시,서구,경서동,,인천광역시 서구 경서동 ,공촌하수종말처리장,282600W01,가좌분뇨처리장,282600F02,일반지역,13541,9479,0,0,0,0,4062,0,0,0,0
2826011700,인천광역시,서구,대곡동,,인천광역시 서구 대곡동 ,검단하수처리장,282600W03,가좌분뇨증설처리장,282600F03,일반지역,1250,13,0,0,0,0,1237,0,0,0,0
2826011800,인천광역시,서구,금곡동,,인천광역시 서구 금곡동 ,검단하수처리장,282600W03,가좌분뇨증설처리장,282600F03,일반지역,4776,1385,0,0,0,0,3391,0,0,0,0
2826011900,인천광역시,서구,오류동,,인천광역시 서구 오류동 ,공촌하수종말처리장,282600W01,가좌분뇨증설처리장,282600F03,일반지역,4811,2677,0,616,171,0,1041,0,239,67,0
2826011900,인천광역시,서구,오류동,,인천광역시 서구 오류동 ,검단하수처리장,282600W03,가좌분뇨증설처리장,282600F03,일반지역,2288,1647,0,0,0,0,641,0,0,0,0
2826012100,인천광역시,서구,불로동,,인천광역시 서구 불로동 ,검단증설공공하수처리시설,282600W04,가좌분뇨증설처리장,282600F03,일반지역,22369,19014,0,0,0,0,3355,0,0,0,0
2871025021,인천광역시,강화군,강화읍,신문리,인천광역시 강화군 강화읍 신문리,강화하수종말처리장,287100W01,강화위생처리장,287100F01,일반지역,2996,0,2139,37,0,310,0,438,8,0,64
2871025022,인천광역시,강화군,강화읍,관청리,인천광역시 강화군 강화읍 관청리,강화하수종말처리장,287100W01,강화위생처리장,287100F01,일반지역,4541,0,2618,84,0,613,0,968,31,0,227
2871025023,인천광역시,강화군,강화읍,국화리,인천광역시 강화군 강화읍 국화리,강화하수종말처리장,287100W01,강화위생처리장,287100F01,일반지역,1336,0,41,51,1,0,0,546,679,18,0
2871025025,인천광역시,강화군,강화읍,갑곳리,인천광역시 강화군 강화읍 갑곳리,강화하수종말처리장,287100W01,강화위생처리장,287100F01,일반지역,6063,0,221,21,0,0,0,5309,512,0,0
2871025027,인천광역시,강화군,강화읍,옥림리,인천광역시 강화군 강화읍 옥림리,강화하수종말처리장,287100W01,강화위생처리장,287100F01,일반지역,1966,0,385,241,4,0,0,818,511,7,0
2871025029,인천광역시,강화군,강화읍,대산리,인천광역시 강화군 강화읍 대산리,,,강화위생처리장,287100F01,일반지역,739,0,0,0,0,0,0,0,739,0,0
2871031021,인천광역시,강화군,선원면,금월리,인천광역시 강화군 선원면 금월리,강화하수종말처리장,287100W01,강화위생처리장,287100F01,일반지역,655,0,0,0,0,0,0,53,570,32,0
2871031022,인천광역시,강화군,선원면,연리,인천광역시 강화군 선원면 연리,강화하수종말처리장,287100W01,강화위생처리장,287100F01,일반지역,569,0,0,0,0,0,0,14,549,6,0
2871031023,인천광역시,강화군,선원면,지산리,인천광역시 강화군 선원면 지산리,강화하수종말처리장,287100W01,강화위생처리장,287100F01,일반지역,627,0,0,0,0,0,0,32,581,14,0
2871031026,인천광역시,강화군,선원면,선행리,인천광역시 강화군 선원면 선행리,강화하수종말처리장,287100W01,강화위생처리장,287100F01,일반지역,858,0,0,0,0,0,0,4,805,49,0
2871031027,인천광역시,강화군,선원면,냉정리,인천광역시 강화군 선원면 냉정리,강화하수종말처리장,287100W01,강화위생처리장,287100F01,일반지역,982,0,0,0,0,0,0,19,866,97,0
2871032022,인천광역시,강화군,불은면,고능리,인천광역시 강화군 불은면 고능리,강화하수종말처리장,287100W01,강화위생처리장,287100F01,일반지역,618,0,0,0,0,0,0,46,536,36,0
2871032024,인천광역시,강화군,불은면,넙성리,인천광역시 강화군 불은면 넙성리,강화하수종말처리장,287100W01,강화위생처리장,287100F01,일반지역,477,0,0,0,0,0,0,2,437,38,0
2871032025,인천광역시,강화군,불은면,신현리,인천광역시 강화군 불은면 신현리,강화하수종말처리장,287100W01,강화위생처리장,287100F01,일반지역,617,0,0,0,0,0,0,8,597,12,0
2871032026,인천광역시,강화군,불은면,삼동암리,인천광역시 강화군 불은면 삼동암리,강화하수종말처리장,287100W01,강화위생처리장,287100F01,일반지역,858,0,0,0,0,0,0,18,840,0,0
2871032027,인천광역시,강화군,불은면,삼성리,인천광역시 강화군 불은면 삼성리,강화하수종말처리장,287100W01,강화위생처리장,287100F01,일반지역,966,0,0,0,0,0,0,17,939,10,0
2871032028,인천광역시,강화군,불은면,덕성리,인천광역시 강화군 불은면 덕성리,강화하수종말처리장,287100W01,강화위생처리장,287100F01,일반지역,416,0,0,0,0,0,0,28,350,38,0
2871033022,인천광역시,강화군,길상면,선두리,인천광역시 강화군 길상면 선두리,,,강화위생처리장,287100F01,일반지역,1191,0,0,0,0,0,0,0,1158,33,0
2871033023,인천광역시,강화군,길상면,동검리,인천광역시 강화군 길상면 동검리,,,강화위생처리장,287100F01,일반지역,270,0,0,0,0,0,0,0,265,5,0
2871033025,인천광역시,강화군,길상면,장흥리,인천광역시 강화군 길상면 장흥리,강화온수공공하수처리장,287100W02,강화위생처리장,287100F01,일반지역,859,0,0,0,0,0,142,0,694,23,0
2871034021,인천광역시,강화군,화도면,내리,인천광역시 강화군 화도면 내리,강화동막소규모공공처리시설,287100V01,강화위생처리장,287100F01,일반지역,825,0,0,0,0,0,2,0,823,0,0
2871034022,인천광역시,강화군,화도면,상방리,인천광역시 강화군 화도면 상방리,강화동막소규모공공처리시설,287100V01,강화위생처리장,287100F01,일반지역,640,0,0,0,0,0,2,0,477,30,131
2871034023,인천광역시,강화군,화도면,문산리,인천광역시 강화군 화도면 문산리,,,강화위생처리장,287100F01,일반지역,461,0,0,0,0,0,0,0,435,26,0
2871034025,인천광역시,강화군,화도면,사기리,인천광역시 강화군 화도면 사기리,강화동막소규모공공처리시설,287100V01,강화위생처리장,287100F01,일반지역,400,0,0,0,0,0,9,0,380,11,0
2871034026,인천광역시,강화군,화도면,동막리,인천광역시 강화군 화도면 동막리,강화동막소규모공공처리시설,287100V01,강화위생처리장,287100F01,일반지역,356,0,0,0,0,0,110,0,242,4,0
2871034029,인천광역시,강화군,화도면,장화리,인천광역시 강화군 화도면 장화리,강화동막소규모공공처리시설,287100V01,강화위생처리장,287100F01,일반지역,543,0,0,0,0,0,2,0,505,36,0
2871035021,인천광역시,강화군,양도면,하일리,인천광역시 강화군 양도면 하일리,강화하수종말처리장,287100W01,강화위생처리장,287100F01,일반지역,372,0,0,0,0,0,0,2,360,10,0
2871035022,인천광역시,강화군,양도면,능내리,인천광역시 강화군 양도면 능내리,,,강화위생처리장,287100F01,일반지역,368,0,0,0,0,0,0,0,368,0,0
2871035024,인천광역시,강화군,양도면,인산리,인천광역시 강화군 양도면 인산리,,,강화위생처리장,287100F01,일반지역,804,0,0,0,0,0,0,0,761,30,13
2871035026,인천광역시,강화군,양도면,길정리,인천광역시 강화군 양도면 길정리,,,강화위생처리장,287100F01,일반지역,318,0,0,0,0,0,0,0,264,30,24
2871035027,인천광역시,강화군,양도면,도장리,인천광역시 강화군 양도면 도장리,강화하수종말처리장,287100W01,강화위생처리장,287100F01,일반지역,805,0,0,0,0,0,0,2,792,11,0
2871035028,인천광역시,강화군,양도면,조산리,인천광역시 강화군 양도면 조산리,강화하수종말처리장,287100W01,강화위생처리장,287100F01,일반지역,497,0,0,0,0,0,0,2,479,16,0
2871036021,인천광역시,강화군,내가면,고천리,인천광역시 강화군 내가면 고천리,강화하수종말처리장,287100W01,강화위생처리장,287100F01,일반지역,1153,0,1,193,25,0,0,3,825,106,0
2871036022,인천광역시,강화군,내가면,오상리,인천광역시 강화군 내가면 오상리,,,강화위생처리장,287100F01,일반지역,493,0,0,0,0,0,0,0,448,45,0
2871036024,인천광역시,강화군,내가면,황청리,인천광역시 강화군 내가면 황청리,,,강화위생처리장,287100F01,일반지역,394,0,0,0,0,0,0,0,394,0,0
2871036025,인천광역시,강화군,내가면,구하리,인천광역시 강화군 내가면 구하리,강화하수종말처리장,287100W01,강화위생처리장,287100F01,일반지역,299,0,0,0,0,0,0,3,295,0,1
2871037021,인천광역시,강화군,하점면,신봉리,인천광역시 강화군 하점면 신봉리,강화하수종말처리장,287100W01,강화위생처리장,287100F01,일반지역,443,0,0,0,0,0,0,5,359,0,79
2871037022,인천광역시,강화군,하점면,장정리,인천광역시 강화군 하점면 장정리,,,강화위생처리장,287100F01,일반지역,655,0,0,0,0,0,0,0,646,9,0
2871037023,인천광역시,강화군,하점면,부근리,인천광역시 강화군 하점면 부근리,강화하수종말처리장,287100W01,강화위생처리장,287100F01,일반지역,553,0,0,0,0,0,0,110,422,21,0
2871037024,인천광역시,강화군,하점면,삼거리,인천광역시 강화군 하점면 삼거리,,,강화위생처리장,287100F01,일반지역,365,0,0,0,0,0,0,0,242,30,93
2871037025,인천광역시,강화군,하점면,신삼리,인천광역시 강화군 하점면 신삼리,강화하수종말처리장,287100W01,강화위생처리장,287100F01,일반지역,343,0,0,0,0,0,0,2,258,15,68
2871037027,인천광역시,강화군,하점면,창후리,인천광역시 강화군 하점면 창후리,,,강화위생처리장,287100F01,일반지역,622,0,0,0,0,0,0,0,593,29,0
2871037028,인천광역시,강화군,하점면,이강리,인천광역시 강화군 하점면 이강리,,,강화위생처리장,287100F01,일반지역,474,0,0,0,0,0,0,0,362,20,92
2871038021,인천광역시,강화군,양사면,철산리,인천광역시 강화군 양사면 철산리,,,강화위생처리장,287100F01,일반지역,79,0,0,0,0,0,0,0,15,0,64
2871038022,인천광역시,강화군,양사면,덕하리,인천광역시 강화군 양사면 덕하리,,,강화위생처리장,287100F01,일반지역,586,0,0,0,0,0,0,0,559,27,0
2871038023,인천광역시,강화군,양사면,북성리,인천광역시 강화군 양사면 북성리,,,강화위생처리장,287100F01,일반지역,379,0,0,0,0,0,0,0,159,0,220
2871038024,인천광역시,강화군,양사면,교산리,인천광역시 강화군 양사면 교산리,,,강화위생처리장,287100F01,일반지역,438,0,0,0,0,0,0,0,422,16,0
2871038025,인천광역시,강화군,양사면,인화리,인천광역시 강화군 양사면 인화리,,,강화위생처리장,287100F01,일반지역,438,0,0,0,0,0,0,0,436,2,0
2871039021,인천광역시,강화군,송해면,솔정리,인천광역시 강화군 송해면 솔정리,,,강화위생처리장,287100F01,일반지역,557,0,0,0,0,0,0,0,557,0,0
2871039022,인천광역시,강화군,송해면,신당리,인천광역시 강화군 송해면 신당리,,,강화위생처리장,287100F01,일반지역,318,0,0,0,0,0,0,0,283,0,35
2871039023,인천광역시,강화군,송해면,숭뢰리,인천광역시 강화군 송해면 숭뢰리,,,강화위생처리장,287100F01,일반지역,379,0,0,0,0,0,0,0,278,15,86
2871039025,인천광역시,강화군,송해면,상도리,인천광역시 강화군 송해면 상도리,,,강화위생처리장,287100F01,일반지역,537,0,0,0,0,0,0,0,404,15,118
2871039026,인천광역시,강화군,송해면,하도리,인천광역시 강화군 송해면 하도리,,,강화위생처리장,287100F01,일반지역,725,0,0,0,0,0,0,0,658,67,0
2871039027,인천광역시,강화군,송해면,양오리,인천광역시 강화군 송해면 양오리,강화하수종말처리장,287100W01,강화위생처리장,287100F01,일반지역,482,0,0,0,0,0,0,4,458,20,0
2871040021,인천광역시,강화군,교동면,대룡리,인천광역시 강화군 교동면 대룡리,강화교동소규모공공처리시설,287100V02,강화위생처리장,287100F01,일반지역,472,44,0,42,0,42,119,0,113,0,112
2871040022,인천광역시,강화군,교동면,읍내리,인천광역시 강화군 교동면 읍내리,,,강화위생처리장,287100F01,일반지역,240,0,0,0,0,0,0,0,209,0,31
2871040023,인천광역시,강화군,교동면,상용리,인천광역시 강화군 교동면 상용리,,,강화위생처리장,287100F01,일반지역,202,0,0,0,0,0,0,0,190,12,0
2871040024,인천광역시,강화군,교동면,봉소리,인천광역시 강화군 교동면 봉소리,,,강화위생처리장,287100F01,일반지역,173,0,0,0,0,0,0,0,161,0,12
2871040025,인천광역시,강화군,교동면,고구리,인천광역시 강화군 교동면 고구리,,,강화위생처리장,287100F01,일반지역,282,0,0,0,0,0,0,0,282,0,0
2871040026,인천광역시,강화군,교동면,삼선리,인천광역시 강화군 교동면 삼선리,,,강화위생처리장,287100F01,일반지역,283,0,0,0,0,0,0,0,246,0,37
2871040027,인천광역시,강화군,교동면,인사리,인천광역시 강화군 교동면 인사리,,,강화위생처리장,287100F01,일반지역,123,0,0,0,0,0,0,0,74,0,49
2871040028,인천광역시,강화군,교동면,난정리,인천광역시 강화군 교동면 난정리,,,강화위생처리장,287100F01,일반지역,213,0,0,0,0,0,0,0,94,0,119
2871040029,인천광역시,강화군,교동면,양갑리,인천광역시 강화군 교동면 양갑리,,,강화위생처리장,287100F01,일반지역,183,0,0,0,0,0,0,0,151,0,32
2871040030,인천광역시,강화군,교동면,동산리,인천광역시 강화군 교동면 동산리,,,강화위생처리장,287100F01,일반지역,139,0,0,0,0,0,0,0,139,0,0
2871040031,인천광역시,강화군,교동면,서한리,인천광역시 강화군 교동면 서한리,,,강화위생처리장,287100F01,일반지역,168,0,0,0,0,0,0,0,87,0,81
2871040032,인천광역시,강화군,교동면,무학리,인천광역시 강화군 교동면 무학리,,,강화위생처리장,287100F01,일반지역,119,0,0,0,0,0,0,0,5,0,114
2871040033,인천광역시,강화군,교동면,지석리,인천광역시 강화군 교동면 지석리,,,강화위생처리장,287100F01,일반지역,186,0,0,0,0,0,0,0,29,0,157
2871041021,인천광역시,강화군,삼산면,석모리,인천광역시 강화군 삼산면 석모리,,,강화위생처리장,287100F01,일반지역,656,0,0,0,0,0,0,0,656,0,0
2871041023,인천광역시,강화군,삼산면,하리,인천광역시 강화군 삼산면 하리,,,강화위생처리장,287100F01,일반지역,149,0,0,0,0,0,0,0,149,0,0
2871041025,인천광역시,강화군,삼산면,매음리,인천광역시 강화군 삼산면 매음리,,,강화위생처리장,287100F01,일반지역,798,0,0,0,0,0,0,0,798,0,0
2871041026,인천광역시,강화군,삼산면,서검리,인천광역시 강화군 삼산면 서검리,,,강화위생처리장,287100F01,일반지역,66,0,0,0,0,0,0,0,0,1,65
2871041027,인천광역시,강화군,삼산면,미법리,인천광역시 강화군 삼산면 미법리,,,강화위생처리장,287100F01,일반지역,31,0,0,0,0,0,0,0,31,0,0
2871042021,인천광역시,강화군,서도면,주문도리,인천광역시 강화군 서도면 주문도리,,,강화위생처리장,287100F01,일반지역,347,0,0,0,0,0,0,0,53,0,294
2871042022,인천광역시,강화군,서도면,아차도리,인천광역시 강화군 서도면 아차도리,,,강화위생처리장,287100F01,일반지역,31,0,0,0,0,0,0,0,20,0,11
2871042023,인천광역시,강화군,서도면,말도리,인천광역시 강화군 서도면 말도리,,,강화위생처리장,287100F01,일반지역,20,0,0,0,0,0,0,0,20,0,0
2871042024,인천광역시,강화군,서도면,볼음도리,인천광역시 강화군 서도면 볼음도리,,,강화위생처리장,287100F01,일반지역,262,0,0,0,0,0,0,0,262,0,0
2872031022,인천광역시,옹진군,북도면,신도리,인천광역시 옹진군 북도면 신도리,,,가좌분뇨처리장,282600F02,특정지역,663,0,0,0,0,0,0,0,414,30,219
2872031023,인천광역시,옹진군,북도면,모도리,인천광역시 옹진군 북도면 모도리,,,가좌분뇨처리장,282600F02,특정지역,118,0,0,0,0,0,0,0,92,15,11
2872031024,인천광역시,옹진군,북도면,장봉리,인천광역시 옹진군 북도면 장봉리,장봉3공공하수처리시설,287200V08,가좌분뇨처리장,282600F02,특정지역,970,0,0,0,0,0,233,0,624,65,48
2872033021,인천광역시,옹진군,백령면,진촌리,인천광역시 옹진군 백령면 진촌리,진촌공공하수처리시설,287200W01,백령분뇨처리장,287200F03,특정지역,2393,0,23,1,0,0,0,2232,109,28,0
2872033022,인천광역시,옹진군,백령면,북포리,인천광역시 옹진군 백령면 북포리,가을공공하수처리시설,287200W02,백령분뇨처리장,287200F03,특정지역,1408,0,0,0,0,0,0,0,216,0,1192
2872033023,인천광역시,옹진군,백령면,가을리,인천광역시 옹진군 백령면 가을리,가을공공하수처리시설,287200W02,백령분뇨처리장,287200F03,특정지역,336,0,0,0,0,0,0,0,0,0,336
2872033024,인천광역시,옹진군,백령면,연화리,인천광역시 옹진군 백령면 연화리,가을공공하수처리시설,287200W02,백령분뇨처리장,287200F03,특정지역,427,0,0,0,0,0,0,0,48,0,379
2872033025,인천광역시,옹진군,백령면,남포리,인천광역시 옹진군 백령면 남포리,,,백령분뇨처리장,287200F03,특정지역,387,0,0,0,0,0,0,0,246,15,126
